:020000040800F2
:1000000000A00020112F0008652900086D290008B4
:10001000752900087D2900088529000800000000D6
:100020000000000000000000000000008D29000812
:100030009B29000800000000A9290008B729000832
:10004000612F0008612F0008612F0008612F000850
:10005000612F0008612F0008612F0008612F000840
:10006000612F0008612F0008612F0008612F000830
:10007000612F0008612F0008612F0008612F000820
:10008000612F0008612F0008612F0008612F000810
:10009000612F0008612F0008612F0008C3290008A4
:1000A000612F0008612F0008612F0008612F0008F0
:1000B000612F0008612F0008612F0008612F0008E0
:1000C000612F0008612F0008612F0008612F0008D0
:1000D000612F0008612F0008612F0008612F0008C0
:1000E000612F0008612F0008612F0008612F0008B0
:1000F000612F0008612F0008612F0008612F0008A0
:10010000000000000000000000000000612F000857
:10011000612F0008612F0008612F0008612F00087F
:10012000612F0008612F0008612F0008612F00086F
:10013000612F0008612F000800000000000000008F
:10014000612F0008612F0008612F000800000000E7
:10015000000000000000000000000000000000009F
:100160000000000000000000612F0008612F00085F
:10017000612F0008000000000000000000000000E7
:0801800000000000612F0008DF
:1001900010B5054C237833B9044B13B10448AFF3C1
:1001A00000800123237010BD7800002000000000B3
:1001B000987B000808B5034B1BB103490348AFF314
:1001C000008008BD000000007C000020987B000833
:1001D00001F0FF01102A2BDB10F0070F08D010F8F8
:1001E000013B013A8B422DD010F0070F42B3F6D1FC
:1001F000F0B441EA012141EA014122F007047FF015
:1002000000070023F0E80256083C85EA010586EA6B
:10021000010685FA47F5A3FA87F586FA47F6A5FAA7
:1002200087F68EB9EED1F0BC01F0FF0102F00702B3
:1002300032B110F8013B013A83EA010313B1F8D15E
:100240000020704701387047002D06BF354603383F
:10025000073815F0010F07D1013015F4807F02BF78
:10026000013015F4C03F0130F0BC0138704700BFC9
:1002700081F0004102E000BF83F0004330B54FEA57
:1002800041044FEA430594EA050F08BF90EA020FC4
:100290001FBF54EA000C55EA020C7FEA645C7FEA57
:1002A000655C00F0E2804FEA5454D4EB5555B8BF7A
:1002B0006D420CDD2C4480EA020281EA030382EAEB
:1002C000000083EA010180EA020281EA0303362D7D
:1002D00088BF30BD11F0004F4FEA01314FF4801C50
:1002E0004CEA113102D0404261EB410113F0004F62
:1002F0004FEA03334CEA133302D0524263EB430319
:1003000094EA050F00F0A780A4F10104D5F1200EB6
:100310000DDB02FA0EFC22FA05F2801841F1000111
:1003200003FA0EF2801843FA05F359410EE0A5F1E5
:1003300020050EF1200E012A03FA0EFC28BF4CF016
:10034000020C43FA05F3C01851EBE37101F00045CC
:1003500007D54FF0000EDCF1000C7EEB00006EEBD9
:100360000101B1F5801F1BD3B1F5001F0CD3490863
:100370005FEA30004FEA3C0C04F101044FEA4452BA
:1003800012F5800F80F09A80BCF1004F08BF5FEA41
:10039000500C50F1000041EB045141EA050130BD21
:1003A0005FEA4C0C404141EB0101013C28BFB1F533
:1003B000801FE9D291F0000F04BF01460020B1FA7E
:1003C00081F308BF2033A3F10B03B3F120020CDA51
:1003D0000C3208DD02F1140CC2F10C0201FA0CF02F
:1003E00021FA02F10CE002F11402D8BFC2F1200C94
:1003F00001FA02F120FA0CFCDCBF41EA0C0190404A
:10040000E41AA2BF01EB0451294330BD6FEA040492
:100410001F3C1CDA0C340EDC04F11404C4F120027D
:1004200020FA04F001FA02F340EA030021FA04F38F
:1004300045EA030130BDC4F10C04C4F1200220FAE6
:1004400002F001FA04F340EA0300294630BD21FA24
:1004500004F0294630BD94F0000F83F4801306BFEA
:1004600081F480110134013D4EE77FEA645C18BFDE
:100470007FEA655C29D094EA050F08BF90EA020F75
:1004800005D054EA000C04BF1946104630BD91EA6D
:10049000030F1EBF0021002030BD5FEA545C05D170
:1004A0004000494128BF41F0004130BD14F58004AF
:1004B0003CBF01F5801130BD01F0004545F0FE4123
:1004C00041F470014FF0000030BD7FEA645C1ABF58
:1004D000194610467FEA655C1CBF0B46024650EA8F
:1004E000013406BF52EA033591EA030F41F40021BB
:1004F00030BD00BF90F0000F04BF0021704730B541
:100500004FF4806404F132044FF000054FF0000115
:1005100050E700BF90F0000F04BF0021704730B5D6
:100520004FF4806404F1320410F0004548BF4042AB
:100530004FF000013EE700BF42004FEAE2014FEA00
:1005400031014FEA02701FBF12F07F4393F07F4FDB
:1005500081F06051704732F07F4208BF704793F0DE
:100560007F4F04BF41F40021704730B54FF46074F1
:1005700001F0004521F000411CE700BF50EA0102F4
:1005800008BF704730B54FF000050AE050EA01029D
:1005900008BF704730B511F0004502D5404261EB0D
:1005A00041014FF4806404F132045FEA915C3FF44E
:1005B000D8AE4FF003025FEADC0C18BF03325FEAEB
:1005C000DC0C18BF033202EBDC02C2F1200300FA9C
:1005D00003FC20FA02F001FA03FE40EA0E0021FAC1
:1005E00002F11444BDE600BF70B54FF0FF0C4CF4AF
:1005F000E06C1CEA11541DBF1CEA135594EA0C0F61
:1006000095EA0C0F00F0DEF82C4481EA030621EA9B
:100610004C5123EA4C5350EA013518BF52EA0335D6
:1006200041F4801143F4801338D0A0FB02CE4FF088
:100630000005E1FB02E506F00042E0FB03E54FF0B8
:100640000006E1FB03569CF0000F18BF4EF0010EB0
:10065000A4F1FF04B6F5007F64F5407404D25FEAAC
:100660004E0E6D4146EB060642EAC62141EA55515F
:100670004FEAC52040EA5E504FEACE2EB4F1FD0CA1
:1006800088BFBCF5E06F1ED8BEF1004F08BF5FEA1F
:10069000500E50F1000041EB045170BD06F00046D1
:1006A00046EA010140EA020081EA0301B4EB5C047E
:1006B000C2BFD4EB0C0541EA045170BD41F4801176
:1006C0004FF0000E013C00F3AB8014F1360FDEBF9B
:1006D000002001F0004170BDC4F10004203C35DA77
:1006E0000C341BDC04F11404C4F1200500FA05F3FA
:1006F00020FA04F001FA05F240EA020001F000429B
:1007000021F0004110EBD37021FA04F642EB060110
:100710005EEA430E08BF20EAD37070BDC4F10C043A
:10072000C4F1200500FA04F320FA05F001FA04F2FE
:1007300040EA020001F0004110EBD37041F10001EA
:100740005EEA430E08BF20EAD37070BDC4F12005F5
:1007500000FA05F24EEA020E20FA04F301FA05F25D
:1007600043EA020321FA04F001F0004121FA04F205
:1007700020EA020000EBD3705EEA430E08BF20EAD5
:10078000D37070BD94F0000F0FD101F0004640000F
:1007900041EB010111F4801F08BF013CF7D041EA91
:1007A000060195F0000F18BF704703F00046520095
:1007B00043EB030313F4801F08BF013DF7D043EA66
:1007C0000603704794EA0C0F0CEA135518BF95EA1C
:1007D0000C0F0CD050EA410618BF52EA4306D1D1A3
:1007E00081EA030101F000414FF0000070BD50EAC2
:1007F000410606BF1046194652EA430619D094EA4C
:100800000C0F02D150EA013613D195EA0C0F05D135
:1008100052EA03361CBF104619460AD181EA030189
:1008200001F0004141F0FE4141F470014FF0000041
:1008300070BD41F0FE4141F4780170BD70B54FF0DC
:10084000FF0C4CF4E06C1CEA11541DBF1CEA13555C
:1008500094EA0C0F95EA0C0F00F0A7F8A4EB05043E
:1008600081EA030E52EA03354FEA013100F0888035
:100870004FEA03334FF0805545EA131343EA1263FE
:100880004FEA022245EA111545EA10654FEA0026B3
:100890000EF000419D4208BF964244F1FD0404F56C
:1008A000407402D25B084FEA3202B61A65EB0305C8
:1008B0005B084FEA32024FF480104FF4002CB6EB85
:1008C000020E75EB030E22BFB61A754640EA0C0005
:1008D0005B084FEA3202B6EB020E75EB030E22BF45
:1008E000B61A754640EA5C005B084FEA3202B6EB86
:1008F000020E75EB030E22BFB61A754640EA9C0045
:100900005B084FEA3202B6EB020E75EB030E22BF14
:10091000B61A754640EADC0055EA060E18D04FEAD2
:10092000051545EA16754FEA06164FEAC30343EA72
:1009300052734FEAC2025FEA1C1CC0D111F4801F3F
:100940000BD141EA00014FF000004FF0004CB6E738
:1009500011F4801F04BF01430020B4F1FD0C88BFD7
:10096000BCF5E06F3FF6AFAEB5EB030C04BFB6EBE2
:10097000020C5FEA500C50F1000041EB045170BDD5
:100980000EF0004E4EEA113114EB5C04C2BFD4EB02
:100990000C0541EA045170BD41F480114FF0000E86
:1009A000013C90E645EA060E8DE60CEA135594EA02
:1009B0000C0F08BF95EA0C0F3FF43BAF94EA0C0F05
:1009C0000AD150EA01347FF434AF95EA0C0F7FF47A
:1009D00025AF104619462CE795EA0C0F06D152EACE
:1009E00003353FF4FDAE1046194622E750EA4106B2
:1009F00018BF52EA43067FF4C5AE50EA41047FF4C3
:100A00000DAF52EA43057FF4EBAE12E74FF0FF3C27
:100A100006E000BF4FF0010C02E000BF4FF0010CF8
:100A20004DF804CD4FEA410C7FEA6C5C4FEA430C71
:100A300018BF7FEA6C5C1BD001B050EA410C0CBFC0
:100A400052EA430C91EA030F02BF90EA020F002022
:100A5000704710F1000F91EA030F58BF994208BF89
:100A600090422CBFD8176FEAE37040F00100704746
:100A70004FEA410C7FEA6C5C02D150EA013C07D19D
:100A80004FEA430C7FEA6C5CD6D152EA033CD3D0E8
:100A90005DF8040B704700BF8446104662468C46E2
:100AA0001946634600E000BF01B5FFF7B7FF002815
:100AB00048BF10F1000F01BD4DF808EDFFF7F4FF3E
:100AC0000CBF012000205DF808FB00BF4DF808EDC9
:100AD000FFF7EAFF34BF012000205DF808FB00BFEC
:100AE0004DF808EDFFF7E0FF94BF012000205DF80E
:100AF00008FB00BF4DF808EDFFF7CEFF94BF0120C3
:100B000000205DF808FB00BF4DF808EDFFF7C4FFBB
:100B100034BF012000205DF808FB00BF4FEA410C04
:100B20007FEA6C5C02D150EA013C0AD14FEA430CE7
:100B30007FEA6C5C02D152EA033C02D14FF0000024
:100B400070474FF0010070474FEA410212F5001262
:100B500015D211D56FF47873B3EB625212D94FEA04
:100B6000C12343F0004343EA505311F0004F23FAEE
:100B700002F018BF404270474FF00000704750EA43
:100B8000013005D111F0004008BF6FF00040704700
:100B90004FF00000704700BF80B588B004AFBA6066
:100BA0007B600346FB810B467B73FB895B0099B23C
:100BB0007B7B9AB27B689BB24FF0FF30029001932F
:100BC000BB6800930123034802F0F4FE00BF103716
:100BD000BD4680BDA800002080B584B000AF0123D1
:100BE000FB733A1DF97B06231520FFF7D5FF3A79F1
:100BF000144B1A707A79134B5A70BB799B09DAB28D
:100C0000104B9A70BB791B0203F47063FA7913449A
:100C10000C4A53603B7A1B0203F470637A7A1344E4
:100C2000084A9360074B5B68C3F1F003054A5360C1
:100C3000044B9B68C3F1F003024A936000BF103776
:100C4000BD4680BD9800002080B400AF024B18461E
:100C5000BD465DF8047B70479800002080B483B0E7
:100C600000AF0346FB80FB88202B02D1044B0122FE
:100C70001A7000BF0C37BD465DF8047B704700BF9B
:100C80009400002080B500AF012210210B4802F033
:100C9000B1FC322002F0CCF900221021074802F00A
:100CA000A9FC052002F0C4F901221021034802F03A
:100CB000A1FC322002F0BCF900BF80BD0004004856
:100CC00080B500AFFFF7DEFF01230F4A1521152085
:100CD000FFF762FF052002F0ABF903230B4AA721BF
:100CE0001520FFF759FF0A4B5B7BB42B03D1094852
:100CF00005F094FB02E0084805F090FB322002F07A
:100D000097F900BF80BD00BFA4000020A50000200F
:100D100098000020B07B0008C47B000880B582B03A
:100D200000AF0023FB71172002F0CFFA0A4B1B78AB
:100D3000002B07D0FFF750FF074B00221A7001234A
:100D4000FB7101E00023FB71172002F0B0FAFB7980
:100D500018460837BD4680BD9400002080B500AF1E
:100D600000224FF48071084802F044FC322002F067
:100D70005FF901224FF48071034802F03BFC7820B8
:100D800002F056F900BF80BD0004004880B582B073
:100D900000AF0346FB7100220221074802F02AFC43
:100DA000F91D4FF0FF330122044804F0A0FE00BFFC
:100DB0000837BD4680BD00BF00040048FC0000208D
:100DC00080B584B000AF78603960012202211148FB
:100DD00002F010FC15E03B68B3F5004F28BF4FF45C
:100DE0000043FB81FA894FF0FF3379680A4804F029
:100DF0007EFEFB897A6813447B60FB893A68D31ACC
:100E00003B603B68002BE6D100BF00BF1037BD46FA
:100E100080BD00BF00040048FC00002090B585B0F4
:100E200000AF0446084611461A462346FB80034697
:100E3000BB800B467B8013463B802A20FFF7A6FF32
:100E4000FB881B0A9BB2DBB23B73FB88DBB27B7374
:100E5000BB881B0A9BB2DBB2BB73BB88DBB2FB73E4
:100E600007F10C0304211846FFF7AAFF2B20FFF718
:100E70008DFF7B881B0A9BB2DBB23B727B88DBB2A7
:100E80007B723B881B0A9BB2DBB2BB723B88DBB236
:100E9000FB7207F1080304211846FFF791FF2C208D
:100EA000FFF774FF00BF1437BD4690BD80B584B016
:100EB00000AFFE20FFF76AFFEF20FFF767FF082370
:100EC0003B7009237B701423BB700823FB70B52093
:100ED000FFF75CFF3B4604211846FFF771FF002334
:100EE0003B7000237B70B620FFF750FF3B4602218A
:100EF0001846FFF765FF48233B703620FFF746FF93
:100F00003B4601211846FFF75BFF05233B703A2063
:100F1000FFF73CFF3B4601211846FFF751FF012335
:100F20003B70BA20FFF732FF3B4601211846FFF71E
:100F300047FF1A233B70C320FFF728FF3B460121E0
:100F40001846FFF73DFF1A233B70C420FFF71EFF32
:100F50003B4601211846FFF733FF25233B70C9208C
:100F6000FFF714FF3B4601211846FFF729FF4523F1
:100F70003B7009237B700823BB700823FB7026237A
:100F80003B712A237B71F020FFF700FF3B460621CF
:100F90001846FFF715FF43233B7070237B707223C5
:100FA000BB703623FB7037233B716F237B71F120BD
:100FB000FFF7ECFE3B4606211846FFF701FF4523ED
:100FC0003B7009237B700823BB700823FB7026232A
:100FD0003B712A237B71F220FFF7D8FE3B460621A6
:100FE0001846FFF7EDFE43233B7070237B7072239E
:100FF000BB703623FB7037233B716F237B71F3206B
:10100000FFF7C4FE3B4606211846FFF7D9FE3423FE
:101010003B70E820FFF7BAFE3B4601211846FFF778
:10102000CFFE38233B700B237B706D23BB706D2389
:10103000FB7039233B71F0237B716D23BB716D23F2
:10104000FB716020FFF7A2FE3B4608211846FFF720
:10105000B7FE38233B70F4237B706D23BB706D2388
:10106000FB7038233B71F7237B71F723BB716D2332
:10107000FB716D233B726120FFF788FE3B4609211F
:101080001846FFF79DFE38233B700D237B707123BC
:10109000BB70ED23FB7070233B7170237B71382391
:1010A000BB710F23FB7171233B72EF237B727023A3
:1010B000BB727023FB726220FFF768FE3B460C2177
:1010C0001846FFF77DFE38233B7011237B70712398
:1010D000BB70F123FB7070233B7170237B7138234D
:1010E000BB711323FB7171233B72F3237B7270235B
:1010F000BB727023FB726320FFF748FE3B460C2156
:101100001846FFF75DFE28233B7029237B70F123EF
:10111000BB700123FB70F1233B7100237B7107231C
:10112000BB716420FFF732FE3B4607211846FFF7EC
:1011300047FE3C233B7000237B70CD23BB706723AD
:10114000FB7045233B7145237B711023BB7100234A
:10115000FB7100233B7200237B726620FFF716FEB3
:101160003B460A211846FFF72BFE00233B703C2329
:101170007B700023BB700023FB7000233B710123B5
:101180007B715423BB711023FB7132233B72982374
:101190007B726720FFF7FAFD3B460A211846FFF7EE
:1011A0000FFE10233B7080237B708023BB700023D5
:1011B000FB7000233B714E237B710023BB717420B5
:1011C000FFF7E4FD3B4607211846FFF7F9FD3E23F4
:1011D0003B7007237B709820FFF7D8FD3B46022128
:1011E0001846FFF7EDFD3E233B7007237B709920E7
:1011F000FFF7CCFD3B4602211846FFF7E1FD002337
:101200003B703520FFF7C2FD3B4601211846FFF732
:10121000D7FD2120FFF7BAFD782001F009FF11204A
:10122000FFF7B4FD782001F003FF2920FFF7AEFDA2
:10123000142001F0FDFE2C20FFF7A8FD00BF1037A1
:10124000BD4680BD80B500AF002208214FF0904020
:1012500002F0D0F9FFF782FDFFF728FE012000F031
:1012600025F900BF80BD82B080B588B000AFFB62B9
:101270000346FB800B46BB801346FB7097F82C306F
:101280001A46FB8813449BB2013B99B297F82D3064
:101290001A46BB8813449BB2013B9BB2BA88F888BC
:1012A000FFF7BCFD0023FB6141E03A6BFB78203B7C
:1012B00097F82D1001FB03F31946FB690B445B0003
:1012C00013441B887B610023BB6127E07A69BB69FB
:1012D00002FA03F303F40043002B0ED0BB8E1B0A6B
:1012E0009BB2DBB23B74BB8EDBB27B7407F11003A5
:1012F00002211846FFF764FD0DE03B8F1B0A9BB2ED
:10130000DBB23B733B8FDBB27B7307F10C03022133
:101310001846FFF755FDBB690133BB6197F82C30C8
:101320001A46BB699342D1D3FB690133FB6197F83D
:101330002D301A46FB699342B7D300BF00BF203758
:10134000BD46BDE8804002B0704782B080B586B02F
:1013500004AF3A607B610346FB800B46BB802DE007
:10136000FB883A7D1344EF2B13DD0023FB807B7D4C
:101370001A46BB881344BB80BB887A7D1344EF2B8D
:1013800021DC3B681B78202B03D13B6801333B6099
:1013900014E03B681A78B988F8883B8C0293BB8BC1
:1013A0000193BB6900937B69FFF75DFF3B7D1A46A4
:1013B000FB881344FB803B6801333B603B681B7830
:1013C000002BCDD100E000BF00BF0837BD46BDE80F
:1013D000804002B07047000090B587B000AF04466F
:1013E000084611461A462346FB800346BB800B463F
:1013F0007B8013463B80FB88EF2B4ED87B88EF2BFE
:101400004BD8FA88BB881344F02B03DDFB88C3F16B
:10141000F003BB807A883B881344F02B03DD7B8884
:10142000C3F1F0033B80FA88BB8813449BB2013BB5
:1014300099B27A883B8813449BB2013B9BB27A886D
:10144000F888FFF7EBFC3B8D1B0A9BB2DBB23B73CA
:101450003B8DDBB27B7301220221124802F0CAF8F5
:1014600000237B6114E000233B610AE007F10C01DB
:101470004FF0FF3302220C4804F039FB3B69013383
:101480003B61BB883A699A42F0D37B6901337B6147
:101490003B887A699A42E6D300E000BF1C37BD461C
:1014A00090BD00BF00040048FC00002080B584B05F
:1014B00000AF0346FB71FB79012B1CD12A20FFF7FB
:1014C00065FC00233B7300237B730023BB73F02375
:1014D000FB7307F10C0304211846FFF771FC2B2066
:1014E000FFF754FC07F10C0304211846FFF768FCD2
:1014F00028233B731EE0FB79002B1BD12A20FFF72A
:1015000045FC00233B7300237B730023BB73F02354
:10151000FB7307F10C0304211846FFF751FC2B2045
:10152000FFF734FC07F10C0304211846FFF748FCD1
:1015300048233B733620FFF729FC07F10C030121F8
:101540001846FFF73DFC00BF1037BD4680BD90B583
:1015500087B000AF0446084611461A462346FB8072
:101560000346BB800B467B8013463B80FB88EF2BFA
:1015700060D87B88EF2B5DD8FA88BB881344F02BAA
:1015800003DDFB88C3F1F003BB807A883B881344FA
:10159000F02B03DD7B88C3F1F0033B80BB883A88E6
:1015A00002FB03F33B613B695B00184604F078FDE6
:1015B0000346FB60FB68002B3ED000237B611BE0F1
:1015C0007B695B00BA6A13441B881B0A99B27B696A
:1015D0005B00FA681344CAB21A707B695B00BA6A8E
:1015E000134419887B695B000133FA681344CAB25B
:1015F0001A707B6901337B617A693B699A42DFD358
:10160000FA88BB8813449BB2013B99B27A883B8825
:1016100013449BB2013B9BB27A88F888FFF7FEFB2C
:101620003B695B001946F868FFF7CAFBF86804F0ED
:101630003FFD02E000BF00E000BF1C37BD4690BD8B
:1016400080B582B002AF49F65E730093F0230022AA
:10165000F0210020FFF7C0FE00BFBD4680BD0000A6
:1016600090B583B002AF254B1A68254B1968244BFF
:101670005B680B449A4207DA204B1B6803F11D029A
:101680001F4B1B689A420DDA1D4B1B6898B21C4B0E
:101690005B6899B249F65E730093B4231E22FFF78C
:1016A0009BFE26E0154B1A68154B1968144B5B68B6
:1016B0000B449A4207DD114B1B6803F11E02104BCD
:1016C0001B689A4215DB0E4B1B6898B20C4B5B688B
:1016D00099B20A4B9B689AB2084BDB689BB21344E1
:1016E0009AB2064B1B699BB249F65E740094FFF7F1
:1016F00073FE00BF0437BD4690BD00BF90010020BF
:101700007C01002080B582B002AF114B00931E23F4
:10171000D2223C210020FFF71AFF0D4B00931E231D
:10172000D2223C213C20FFF712FF094B00931E23DD
:10173000D2223C217820FFF70AFF054B00931E239D
:10174000D2223C21B420FFF702FF00BFBD4680BD7E
:10175000887D000880B500AFFFF772FFFFF7D2FF6A
:1017600000BF80BD80B582B002AF49F65E730093C2
:101770001A236B22F0210020FFF72EFE49F65E733C
:1017800000931A238C2210217420FFF725FE00BF3E
:10179000BD4680BD80B582B002AF49F65E7300934E
:1017A000B4231E22F0210020FFF716FE00BFBD4625
:1017B00080BD000080B582B002AF094B00932823A2
:1017C0001E22C8211420FFF7C2FE064B00932723D8
:1017D0004622C8211420FFF7BAFE00BFBD4680BDD7
:1017E000988B000818CA000880B500AFC82001F027
:1017F0001FFC00F025F80346002B02D10D4804F031
:1018000075FE00F03BF800F055F800F06FF800F0BE
:10181000CDF80346002B03D0074804F067FE02E032
:10182000064804F063FE00F0E1F800F025F900BF7F
:1018300080BD00BF6C7C0008887C0008B07C00087C
:1018400080B586B004AF0023FB714FF0FF330293E5
:1018500001230193FB1D009301230022D0210648A0
:1018600002F0A8F8FB79242B0CBF01230023DBB284
:1018700018460837BD4680BDA800002080B586B058
:1018800004AFB623FB714FF0FF33029301230193A2
:10189000FB1D009301237E22D021054801F076FF35
:1018A000022001F0C5FB00BF0837BD4680BD00BF68
:1018B000A800002080B586B004AF0023FB714FF074
:1018C000FF33029301230193FB1D009301237C222C
:1018D000D021054801F05AFF012001F0A9FB00BF0B
:1018E0000837BD4680BD00BFA800002080B586B087
:1018F00004AF0023FB704FF0FF33029301230193E9
:10190000FB1C009301235922D021264801F03EFF01
:101910000023FB802CE0FB885B08BB80BB88DBB22C
:1019200003F00F03DBB23B70BB881B099BB2DBB239
:101930007B704FF0FF330293022301933B460093E9
:1019400001235B22D021174801F020FFFB88164AB3
:1019500013444FF0FF3202922022019200930123A0
:101960005E22D0210F4801F011FFFB882033FB805D
:10197000FB88B3F5005FCED30123FB704FF0FF333C
:10198000029301230193FB1C009301235922D021D0
:10199000044801F0FBFE142001F04AFB00BF0837A9
:1019A000BD4680BDA80000209808010880B586B01B
:1019B00004AF0023FB714FF0FF3302930123019327
:1019C000FB1D009301232122D021074801F0F2FFE3
:1019D000FB7903F00F03012B0CBF01230023DBB2C3
:1019E00018460837BD4680BDA800002080B586B0E7
:1019F00004AFA823FB710323BB71A9237B710023D0
:101A00003B714FF0FF33029301230193FB1D0093C1
:101A100001234022D021174801F0B8FE4FF0FF33D8
:101A2000029301230193BB1D009301234122D02186
:101A3000104801F0ABFE4FF0FF33029301230193F6
:101A40007B1D009301234222D0210A4801F09EFE13
:101A50004FF0FF330293012301933B1D00930123B9
:101A60004322D021034801F091FE00BF0837BD4654
:101A700080BD00BFA800002080B586B004AF06235B
:101A8000FB714FF0FF33029301230193FB1D009381
:101A900001237D22D021054801F078FE012001F0CC
:101AA000C7FA00BF0837BD4680BD00BFA8000020B0
:101AB000B0B5A2B00AAF4FF0FF3302930C230193ED
:101AC0003B1D009301230C22D0219D4801F072FFA1
:101AD0007B791BB21B021AB23B791BB21343A7F8E6
:101AE0005E30FB791BB21B021AB2BB791BB21343E7
:101AF000A7F85C307B7A1BB21B021AB23B7A1BB28E
:101B00001343A7F85A30FB7A1BB21B021AB2BB7AF6
:101B10001BB21343A7F858307B7B1BB21B021AB2CF
:101B20003B7B1BB21343A7F85630FB7B1BB21B0257
:101B30001AB2BB7B1BB21343A7F85430B7F95E301F
:101B40001846FEF7E7FC4FF000027E4BFEF776FEEC
:101B500002460B46C7E91223B7F95C301846FEF778
:101B6000D9FC4FF00002774BFEF768FE02460B46A9
:101B7000C7E91023B7F95A301846FEF7CBFC4FF0EF
:101B80000002704BFEF75AFE02460B46C7E90E23D1
:101B9000B7F958301846FEF7BDFC65A3D3E900231A
:101BA000FEF74CFE02460B46C7E90C23B7F9563048
:101BB0001846FEF7AFFC5EA3D3E90023FEF73EFE16
:101BC00002460B46C7E90A23B7F954301846FEF718
:101BD000A1FC57A3D3E90023FEF730FE02460B46D3
:101BE000C7E90823D7E91223D7E91201FEF7FCFC65
:101BF00002460B4614461D46D7E90E23D7E90E01CF
:101C0000FEF7F2FC02460B4620462946FEF736FB5D
:101C100002460B4643EC172BB0EE470AF0EE670A7C
:101C200005F0A0FC53EC102BD7E91201FEF706FEDD
:101C300002460B4643EC172BB0EE470AF0EE670A5C
:101C400005F05CFC87ED060BD7E91023D7E91001FE
:101C5000FEF7CAFC02460B4614461D46D7E90E2382
:101C6000D7E90E01FEF7C0FC02460B462046294686
:101C7000FEF704FB02460B4643EC172BB0EE470A77
:101C8000F0EE670A05F06EFC53EC102BD7E910015B
:101C9000FEF7D4FD02460B4643EC172BB0EE470A85
:101CA000F0EE670A05F02AFC87ED040B22A3D3E9C6
:101CB0000023D7E90601FEF797FC02460B462249AE
:101CC000C1E900231CA3D3E90023D7E90401FEF7EF
:101CD0008BFC02460B461D49C1E90023D7E90823C6
:101CE000CDE90823D7E90A23CDE90623D7E90C2358
:101CF000CDE90423D7E90E23CDE90223D7E9102348
:101D0000CDE90023D7E91223114804F087FB0E4BDD
:101D1000D3E900010D4BD3E90023CDE900230246AE
:101D20000B460C4804F07AFB00BF6037BD46B0BDDF
:101D30006666666666663040F8C1631ADCA54C408C
:101D4000A80000200000A0406001002068010020E1
:101D5000DC7C0008207D000880B485B000AFF8600E
:101D6000B9607A603B60FB68BA681A60FB687A68A1
:101D70005A60FB683A689A60FB68BA69DA60FB6887
:101D800000221A6100BF1437BD465DF8047B70471E
:101D900080B485B000AFF860B9607A603B60FB68E2
:101DA000BA681A60FB687A685A60FB683A689A6099
:101DB000FB680022DA60FB68BA691A61FB68FA699D
:101DC0005A61FB6800221A7600BF1437BD465DF8E1
:101DD000047B7047B0B586B002AF01F01DF9034631
:101DE000414A136001F0BEF800F08AF800F062F991
:101DF00000F0E2F800F020F91E23009364231E2275
:101E000046213A48FFF7A8FF05230193502300938A
:101E10001E231E22F0213648FFF7BAFFFFF7E4FC2D
:101E2000FFF710FAFEF74CFFFFF794FC314BD3E9B4
:101E30000023C7E90223FFF73BFE01F0EDF802465D
:101E4000294B1B68D31A012BF5D901F0E5F803469D
:101E5000254A1360274BD3E90001D7E90223FEF797
:101E60000BFA02460B462449C1E90023214BD3E972
:101E70000023C7E902234FF00002204BC7E90023EB
:101E80001A4B9B681846FEF745FB04460D461A4B55
:101E9000D3E90001D7E90023FEF7A6FB02460B4673
:101EA00020462946FEF7E8F902460B461046194639
:101EB000FEF74AFE03460D4A93600C4B9B680133C4
:101EC0000A4A9360094B9B681E2B03DC074B1E22BA
:101ED0009A6006E0054B9B68B32B02DD034BB422EE
:101EE0009A6000F05DF9A6E7AC0100207C010020BB
:101EF0009001002068010020B0010020000018407F
:101F000080B59EB000AF07F150032822002118468B
:101F100004F0EEFB07F13C0300221A605A609A605D
:101F2000DA601A613B463C220021184604F0E0FBCF
:101F300003233B654FF480337B650023BB6501239E
:101F40003B6610237B660223FB664FF480333B67BE
:101F50004FF4E0137B6707F15003184602F09EF937
:101F60000346002B01D000F023FA0F23FB6302236A
:101F70003B6400237B644FF48063BB640023FB64F9
:101F800007F13C030221184603F096F90346002BA3
:101F900001D000F00DFA20233B600023FB613B469B
:101FA000184603F04BFB0346002B01D000F000FA6B
:101FB00000BF7837BD4680BD80B500AF1B4B1C4AC3
:101FC0001A601A4B1B4A5A60184B00229A60174B32
:101FD0000122DA60154B00221A61144B00225A616B
:101FE000124B00229A61114B0022DA610F4B002242
:101FF0001A620E4801F02EFB0346002B01D000F0C0
:10200000D7F90021094802F0B1F80346002B01D0AE
:1020100000F0CEF90021054802F0F3F80346002B4A
:1020200001D000F0C5F900BF80BD00BFA8000020AE
:10203000005400402B1D200080B500AF1B4B1C4AF4
:102040001A601A4B4FF482725A60184B4FF40042D8
:102050009A60164B4FF4E062DA60144B00221A616A
:10206000124B00225A61114B4FF400729A610F4BD0
:102070000022DA610D4B00221A620C4B00225A62D8
:102080000A4B00229A62094B0722DA62074B0022B0
:102090001A63064B08225A63044803F07DFC03468A
:1020A000002B01D000F084F900BF80BDFC000020AF
:1020B0000030014080B588B000AF07F10C0300226A
:1020C0001A605A609A60DA601A61334B5B69324A6F
:1020D00043F480035361304B5B6903F48003BB60BE
:1020E000BB682D4B5B692C4A43F4003353612A4B88
:1020F0005B6903F400337B607B68274B5B69264A8E
:1021000043F480235361244B5B6903F480233B60D9
:102110003B68002258214FF0904001F06BFA0022FA
:102120004FF489711D4801F065FA5823FB600123C3
:102130003B6100237B610023BB6107F10C0319465F
:102140004FF0904001F0DCF84FF48973FB600123FD
:102150003B6100237B610023BB6107F10C0319463F
:102160000E4801F0CDF82023FB604FF488133B614B
:1021700000237B6107F10C031946084801F0C0F801
:1021800000220021172001F076F8172001F08FF8C7
:1021900000BF2037BD4680BD00100240000400484B
:1021A00080B584B002AF4C4B1B78032B00F29080BB
:1021B00001A252F823F000BFC9210008E72100085E
:1021C000052200087F22000800F05CFE0346BB7178
:1021D00000F0D6FCBB79012B75D1FFF7BBFA3E4B63
:1021E00001221A706FE03D4B9B68184600F0CAFA56
:1021F00000F05CFD3A4B1B68012B66D1364B022286
:102200001A7062E03549374800F070F8364B1B68A9
:10221000012B05D1FFF7BEFA2F4B03221A7057E0AE
:102220002E4B1B69184600F08DFA03461A462D4BBB
:102230005A612C4B1A682B4B5B69D31A294A1360DD
:10224000264B9B68184600F09DFA264B1B68002B16
:1022500005DB244B1B68184600F03CFA0BE049F6FE
:102260005E730093F023002228210020FFF7B4F8CA
:102270001C4BF0221A60194800F080FD28E01A4B30
:1022800000221A6000F0BEFC00F01FFE0346FB7146
:10229000FB79012B1BD11E23009364231E224621B0
:1022A0000E48FFF759FD05230193502300931E2389
:1022B0001E22F0210B48FFF76BFDFFF74BFA064B90
:1022C00001221A7003E000BF02E000BF00E000BF7F
:1022D00000BF0837BD4680BD780100207C0100208A
:1022E00074010020900100207001002080B58AB0A8
:1022F00000AF786039603B681B687B623B681A6896
:102300003B685B681344053B3B623B689B68FB6131
:102310003B689A683B68DB681344053BBB617B689C
:102320001B687B617B681A687B685B6813443B6150
:102330007B681B68184600F041F803461A467B6824
:10234000DA607B68DB681933FB603A6A7B699A4222
:1023500023DB7A6A3B699A421FDCFA69FB689A427E
:1023600007DB7B681A69FB6813440A33BA699A422F
:1023700003DD0E4B01221A6013E07B681B7E83F0A5
:102380000103DBB2002B0CD03B681B695A1C3B6875
:102390001A617B6801221A7603E07B6800221A76B4
:1023A00000E000BF00BF2837BD4680BD700100209F
:1023B00080B400AF72B600BF00BFFDE780B582B049
:1023C00000AF7860114B1B68B3F1FF3F02D07B6810
:1023D000F02B13D103F022FF01460D4B83FB0123A9
:1023E0000B449A11CB17D21A1346DB001344DB00BF
:1023F0009B1ACA1A02F11403044A1360034B1B68A8
:10240000DBB218460837BD4680BD00BF080000207B
:1024100049B4C2E690B587B002AF786000F067F9C2
:102420007868FFF7CBFF03461A469E4BDA609D4B58
:10243000DA689C4B9B681A449A4B1B691344FB60F7
:10244000FB68C3F1D203BB607B6898B2954B9B6875
:102450009AB2944BDB689BB2023B9BB245F2C0310F
:1024600000910321FEF7B8FF7B6898B2FB689BB22E
:1024700002339AB2BB689BB2023B9BB245F2C031B9
:1024800000910321FEF7A8FF7B6898B2854B5B683B
:1024900099B2844BDB689AB2824B9B689BB213441F
:1024A0009BB2023B9AB245F2C03300930223FEF77F
:1024B00093FF7B6898B27B4B5B6899B2FB689AB2DA
:1024C00045F2C03300930223FEF786FF7B689BB280
:1024D000033398B2734B9B689AB2724BDB689BB222
:1024E000023B9BB24FF4FB4100910221FEF774FFC7
:1024F0007B689BB2033398B2FB689BB202339AB2FB
:10250000BB689BB2023B9BB24FF4FB41009102219E
:10251000FEF762FF7B689BB2053398B2614B9B6804
:102520009AB2604BDB689BB2023B9BB24FF41F41F7
:1025300000910221FEF750FF7B689BB2053398B2F1
:10254000FB689BB202339AB2BB689BB2023B9BB260
:102550004FF41F4100910221FEF73EFF7B689BB2C2
:10256000073398B24F4B9B689AB24E4BDB689BB2D5
:10257000023B9BB24FF6FF7100910A21FEF72CFF40
:102580007B689BB2073398B2FB689BB202339AB266
:10259000BB689BB2023B9BB24FF6FF7100910A21D0
:1025A000FEF71AFF7B689BB2113398B23D4B9B68D4
:1025B0009AB23C4BDB689BB2023B9BB24FF41F418B
:1025C00000910321FEF708FF7B689BB2113398B29C
:1025D000FB689BB202339AB2BB689BB2023B9BB2D0
:1025E0004FF41F4100910321FEF7F6FE7B689BB27A
:1025F000143398B22B4B9B689AB22A4BDB689BB280
:10260000023B9BB24FF4FB4100910321FEF7E4FE35
:102610007B689BB2143398B2FB689BB202339AB2C8
:10262000BB689BB2023B9BB24FF4FB41009103217C
:10263000FEF7D2FE7B689BB2173398B2194B9B68AA
:102640009AB2184BDB689BB2023B9BB245F2C03199
:1026500000910721FEF7C0FE7B689BB2173398B24A
:10266000FB689BB202339AB2BB689BB2023B9BB23F
:1026700045F2C03100910721FEF7AEFE7B689BB2A8
:102680001E3398B2074B5B6999B2064B9B689AB2AE
:10269000044BDB689BB249F65E740094FEF79CFE27
:1026A0007B6801E0900100209BB21E3398B2084B7A
:1026B0005B6999B2FB689AB2BB689BB249F65E74DB
:1026C0000094FEF789FE00BF1437BD4690BD00BFE1
:1026D0009001002080B582B000AF78607868FFF785
:1026E00099FEFFF70FF800BF0837BD4680BD80B5E3
:1026F00082B002AF4EF21C7300931A2300226021B5
:102700000020FEF769FE4EF21C7300931A2300228C
:1027100060219020FEF760FE49F2B243009302234D
:102720001A22F0210020FEF757FE47F28E33009365
:1027300002231C22F0210020FEF74EFE00BFBD4602
:1027400080BD000080B485B000AF78600523FB60D9
:102750000B4BBB60FB6807EE903AB8EEE77AD7ED1B
:10276000027A67EE277AFCEEE77AC7ED007A3B78CB
:10277000DBB218461437BD465DF8047B704700BFD6
:10278000CDCCCC3F90B585B002AF7860FEF768FF46
:102790001A4B19681A4B83FB01235A10CB17D21A14
:1027A00013469B001344CA1A002A0FD1154B1B680D
:1027B00098B2144B5B6899B27B689AB2114BDB6894
:1027C0009BB2114C0094FEF7C2FE0EE00D4B1B684D
:1027D00098B20C4B5B6899B27B689AB2094BDB6884
:1027E0009BB20A4C0094FEF7B2FE044B1B68013307
:1027F000024A136000BF0C37BD4690BD0C0000209C
:10280000676666667C010020E43B0108EC42010833
:1028100080B483B000AF0F4B9B690E4A43F00103B5
:1028200093610C4B9B6903F001037B607B68094B50
:10283000DB69084A43F08053D361064BDB6903F040
:1028400080533B603B6800BF0C37BD465DF8047B9E
:10285000704700BF0010024080B58AB000AF7860BA
:1028600007F1140300221A605A609A60DA601A6154
:102870007B681B68174A934227D1174B5B69164A3E
:1028800043F480235361144B5B6903F480233B6161
:102890003B69C0237B611223BB610023FB610323DF
:1028A0003B6204237B6207F1140319460B4800F0D6
:1028B00027FD094BDB69084A43F40013D361064B3B
:1028C000DB6903F40013FB60FB6800BF2837BD46DB
:1028D00080BD00BF005400400010024000040048CA
:1028E00080B58AB000AF786007F1140300221A6047
:1028F0005A609A60DA601A617B681B68174A9342D3
:1029000028D1174B9B69164A43F480539361144BAB
:102910009B6903F480533B613B69114B5B69104A2F
:1029200043F4003353610E4B5B6903F40033FB60E7
:10293000FB68A0237B610223BB610023FB610323AF
:102940003B6205237B6207F1140319464FF0904068
:1029500000F0D6FC00BF2837BD4680BD00300140E6
:102960000010024080B400AF00BFFDE780B400AFAC
:1029700000BFFDE780B400AF00BFFDE780B400AF4B
:1029800000BFFDE780B400AF00BFFDE780B400AF3B
:1029900000BFBD465DF8047B704780B400AF00BF48
:1029A000BD465DF8047B704780B400AF00BFBD46F4
:1029B0005DF8047B704780B500AF00F019FB00BFE5
:1029C00080BD80B500AF202000F02CFE00BF80BD90
:1029D00080B400AF01231846BD465DF8047B704704
:1029E00080B582B000AF7860396003F0DFFE034647
:1029F00016221A604FF0FF3318460837BD4680BDD7
:102A000080B582B000AF78604FF0FF317868FFF793
:102A1000E7FF00BFFDE780B586B000AFF860B960A2
:102A20007A6000237B610AE0AFF300800146BB6857
:102A30005A1CBA60CAB21A707B6901337B617A6929
:102A40007B689A42F0DB7B6818461837BD4680BD2C
:102A500080B586B000AFF860B9607A6000237B6112
:102A600009E0BB685A1CBA601B781846AFF30080B7
:102A70007B6901337B617A697B689A42F1DB7B6811
:102A800018461837BD4680BD80B483B000AF78606B
:102A90004FF0FF3318460C37BD465DF8047B704796
:102AA00080B483B000AF786039603B684FF4005267
:102AB0005A60002318460C37BD465DF8047B70470A
:102AC00080B483B000AF7860012318460C37BD4650
:102AD0005DF8047B704780B485B000AFF860B960E2
:102AE0007A60002318461437BD465DF8047B7047B2
:102AF00080B586B000AF7860144A154BD31A7B615D
:102B00007B693B61134B1B68002B02D1114B124AAE
:102B10001A60104B1A687B6813443A699A4207D2CC
:102B200003F044FE03460C221A604FF0FF3309E025
:102B3000084B1B68FB60074B1A687B681344054A07
:102B40001360FB6818461837BD4680BD00A0002002
:102B500000040000B80100201003002080B400AF82
:102B6000064BD3F88830054A43F47003C2F8883026
:102B700000BFBD465DF8047B704700BF00ED00E07C
:102B800080B586B004AF1D4B7B60FEF713FE40F6A8
:102B9000853300931A238C220A214620FEF71CFC61
:102BA00040F6853300931A238C220A21A020FEF7D9
:102BB00013FC40F6853300930A23822264214620C9
:102BC000FEF70AFC40F6853300930A23A62264210F
:102BD0004620FEF701FC0A4B40F6853202924FF682
:102BE000FB7201925A6800921B687A688C2150200F
:102BF000FEF7ABFB00BF0837BD4680BD4C7D00082B
:102C00000000002080B586B004AF254B7B60254BCB
:102C10003B60254B49F65E7202924FF47842019276
:102C20005A6800921B687A6846213020FEF78DFBB7
:102C300040F6853300931A238C220A213620FEF7B2
:102C4000CBFB40F6853300931A238C220A21B02057
:102C5000FEF7C2FB40F6853300930A2382228421CB
:102C60003620FEF7B9FB40F6853300930A23A622EF
:102C700084213620FEF7B0FB0B4B40F685320292E2
:102C80004FF6FB7201925A6800921B683A688C21D9
:102C90004020FEF75AFB00BF0837BD4680BD00BF8D
:102CA000547D0008607D00080000002080B584B0DD
:102CB00004AF2C4B00221A602B4B1B6801332A4AAD
:102CC0001360294B1B68182B0ED8284B49F65E72EF
:102CD0000292002201925A6800921B68244A6B21DA
:102CE0007420FEF732FB3AE01F4B1B68192B12D9F8
:102CF0001D4B1B68312B0ED81C4B49F65E7202929D
:102D0000002201925A6800921B681A4A6B217420B3
:102D1000FEF71BFB23E0144B1B68322B12D9124B1E
:102D20001B684A2B0ED8114B49F65E7202920022A4
:102D300001925A6800921B680F4A6B217420FEF7BB
:102D400004FB0CE0084B1B684B2B08D9064B0022F8
:102D50001A60FEF707FD034B01221A60FFE700BF70
:102D6000BD4680BD74010020BC0100200000002091
:102D7000687D00086C7D0008707D000880B5A0B0FB
:102D800004AF7860394BFB6007F11003602200212B
:102D9000184603F0ADFC7B681B69092B18DC7B68C7
:102DA0001A6907F10C033249184603F0A7FB314BAF
:102DB00007F10C014EF21C720292002201925A6835
:102DC00000921B680A4600216020FEF7BEFA48E028
:102DD0007B681B69632B18DC7B681A6907F10C039D
:102DE0002549184603F08AFB224B07F10C014EF2ED
:102DF0001C720292002201925A6800921B680A46D5
:102E000000216020FEF7A1FA2BE07B681B69B3F577
:102E10007A7F18DA7B681A6907F10C03174918469C
:102E200003F06CFB134B07F10C014EF21C72029283
:102E3000002201925A6800921B680A460021602015
:102E4000FEF783FA0DE00B4B4EF21C720292002249
:102E500001925A6800921B68094A00216020FEF71F
:102E600074FA00BF7037BD4680BD00BF30303000FF
:102E7000747D0008000000207C7D0008807D000833
:102E8000847D000880B584B000AFFDF747FF03469E
:102E9000002B15D0FDF7D8FE01463B461022184600
:102EA00003F0B1FCBB68452B0ADDBB68AA2B07DC2D
:102EB0007B68812B04DD7B68B02B01DC012300E003
:102EC000002318461037BD4680BD80B584B000AFE2
:102ED000FDF724FF0346002B15D0FDF7B5FE014694
:102EE0003B461022184603F08EFCBB68352B0ADDEA
:102EF000BB68BA2B07DC7B68812B04DD7B68B02BB9
:102F000001DC012300E0002318461037BD4680BDD8
:102F1000DFF834D0FFF722FE0C480D490D4A00239C
:102F200002E0D458C4500433C4188C42F9D30A4A7E
:102F30000A4C002301E013600432A242FBD303F0E9
:102F40003BFCFEF747FFFEE700A00020000000204A
:102F500078000020284B0108780000201003002092
:102F6000FEE7000080B500AF084B1B68074A43F03E
:102F700010031360032000F073F90F2000F008F82D
:102F8000FFF746FC0023184680BD00BF002002402A
:102F900080B582B000AF7860124B1A68124B1B7874
:102FA00019464FF47A73B3FBF1F3B2FBF3F318460F
:102FB00000F099F90346002B01D001230EE07B6855
:102FC0000F2B0AD8002279684FF0FF3000F053F938
:102FD000064A7B681360002300E001231846083787
:102FE000BD4680BD10000020180000201400002005
:102FF00080B400AF064B1B781A46064B1B6813447F
:10300000044A136000BFBD465DF8047B704700BFF3
:1030100018000020C001002080B400AF034B1B68E3
:103020001846BD465DF8047B704700BFC001002014
:1030300080B584B000AF7860FFF7EEFFB8607B68C2
:10304000FB60FB68B3F1FF3F05D00A4B1B781A46C3
:10305000FB681344FB6000BFFFF7DEFF0246BB685E
:10306000D31AFA689A42F7D800BF00BF1037BD469E
:1030700080BD00BF1800002080B485B000AF78602C
:103080007B6803F00703FB600C4BDB68BB60BA682E
:103090004FF6FF031340BB60FB681A02BB68134383
:1030A00043F0BF6343F40033BB60044ABB68D360A2
:1030B00000BF1437BD465DF8047B704700ED00E0AB
:1030C00080B400AF044BDB681B0A03F0070318460B
:1030D000BD465DF8047B704700ED00E080B483B02E
:1030E00000AF0346FB7197F90730002B0BDBFB7930
:1030F00003F01F02074997F907305B09012000FA26
:1031000002F241F8232000BF0C37BD465DF8047B76
:10311000704700BF00E100E080B483B000AF034619
:10312000FB7197F90730002B12DBFB7903F01F02CC
:103130000A4997F907305B09012000FA02F22033AF
:1031400041F82320BFF34F8F00BFBFF36F8F00BF45
:1031500000BF0C37BD465DF8047B704700E100E01E
:1031600080B483B000AF03463960FB7197F9073034
:10317000002B0ADB3B68DAB20C4997F907301201E1
:10318000D2B20B4483F800230AE03B68DAB2084964
:10319000FB7903F00F03043B1201D2B20B441A7601
:1031A00000BF0C37BD465DF8047B704700E100E0CE
:1031B00000ED00E080B489B000AFF860B9607A60DB
:1031C000FB6803F00703FB61FB69C3F10703042BF2
:1031D00028BF0423BB61FB690433062B02D9FB69BA
:1031E000033B00E000237B614FF0FF32BB6902FA32
:1031F00003F3DA43BB681A407B699A404FF0FF3112
:103200007B6901FA03F3D9437B680B4013431846EB
:103210002437BD465DF8047B7047000080B582B05E
:1032200000AF78607B68013BB3F1807F01D301235D
:103230000FE00A4A7B68013B53600F214FF0FF30DB
:10324000FFF78EFF054B00229A60044B07221A609D
:10325000002318460837BD4680BD00BF10E000E0DF
:1032600080B582B000AF78607868FFF705FF00BFD7
:103270000837BD4680BD80B586B000AF0346B96053
:103280007A60FB7300237B61FFF71AFF78617A682D
:10329000B9687869FFF78EFF024697F90F3011463B
:1032A0001846FFF75DFF00BF1837BD4680BD80B5EB
:1032B00082B000AF0346FB7197F907301846FFF75D
:1032C0000DFF00BF0837BD4680BD80B582B000AF9E
:1032D0000346FB7197F907301846FFF71DFF00BF43
:1032E0000837BD4680BD80B582B000AF7860786891
:1032F000FFF794FF034618460837BD4680BD00001F
:1033000080B487B000AF7860396000237B6154E1FE
:103310003B681A6801217B6901FA03F31340FB60E3
:10332000FB68002B00F046813B685B6803F00303F9
:10333000012B05D03B685B6803F00303022B30D1FF
:103340007B689B683B617B695B00032202FA03F3A5
:10335000DB433A6913403B613B68DA687B695B0099
:1033600002FA03F33A6913433B617B683A699A6056
:103370007B685B683B6101227B6902FA03F3DB43F4
:103380003A6913403B613B685B681B0903F001022B
:103390007B6902FA03F33A6913433B617B683A693C
:1033A0005A603B685B6803F00303032B17D07B680C
:1033B000DB683B617B695B00032202FA03F3DB43BA
:1033C0003A6913403B613B689A687B695B0002FA8B
:1033D00003F33A6913433B617B683A69DA603B68FF
:1033E0005B6803F00303022B23D17B69DA087B6857
:1033F000083253F822303B617B6903F007039B00DE
:103400000F2202FA03F3DB433A6913403B613B6846
:103410001A697B6903F007039B0002FA03F33A6918
:1034200013433B617B69DA087B680832396943F8EA
:1034300022107B681B683B617B695B00032202FAF8
:1034400003F3DB433A6913403B613B685B6803F07D
:1034500003027B695B0002FA03F33A6913433B61A1
:103460007B683A691A603B685B6803F44033002B61
:1034700000F0A080584B9B69574A43F001039361C9
:10348000554B9B6903F00103BB60BB68534A7B69E2
:103490009B08023352F823303B617B6903F003033E
:1034A0009B000F2202FA03F3DB433A6913403B61AE
:1034B0007B68B3F1904F19D07B68494A934213D08F
:1034C0007B68484A93420DD07B68474A934207D0B5
:1034D0007B68464A934201D1042308E0052306E0B5
:1034E000032304E0022302E0012300E000237A69C1
:1034F00002F00302920093403A6913433B6137495B
:103500007B699B0802333A6941F82320384B9B685A
:103510003B61FB68DB433A6913403B613B685B6896
:1035200003F48013002B03D03A69FB6813433B611B
:103530002F4A3B6993602E4BDB683B61FB68DB43A2
:103540003A6913403B613B685B6803F40013002B4E
:1035500003D03A69FB6813433B61254A3B69D3605A
:10356000234B5B683B61FB68DB433A6913403B617B
:103570003B685B6803F40033002B03D03A69FB68B7
:1035800013433B611A4A3B695360194B1B683B610B
:10359000FB68DB433A6913403B613B685B6803F4BB
:1035A0008033002B03D03A69FB6813433B61104A18
:1035B0003B6913607B6901337B613B681A687B69F7
:1035C00022FA03F3002B7FF4A3AE00BF00BF1C3729
:1035D000BD465DF8047B70470010024000000140CA
:1035E0000004004800080048000C00480010004893
:1035F0000004014080B483B000AF78600B467B804C
:1036000013467B707B78002B03D07A887B689A61A5
:1036100002E07A887B689A6200BF0C37BD465DF88D
:10362000047B704780B582B000AF0346FB80084B37
:103630005A69FB881340002B06D0054AFB8853616A
:10364000FB881846FDF70AFB00BF0837BD4680BD62
:103650000004014080B582B000AF78607B68002B29
:1036600001D101238DE07B6893F84130DBB2002B60
:1036700006D17B68002283F840207868FFF7ECF8D9
:103680007B68242283F841207B681B681A687B686A
:103690001B6822F001021A607B685A687B681B680D
:1036A00022F070621A617B681B689A687B681B68ED
:1036B00022F400429A607B68DB68012B07D17B68AB
:1036C0009A687B681B6842F400429A6006E07B6857
:1036D0009A687B681B6842F404429A607B68DB68E6
:1036E000022B08D17B681B685A687B681B6842F410
:1036F00000625A6007E07B681B685A687B681B6839
:1037000022F400625A607B681B685B687A68126802
:1037100043F0007343F4004353607B681B68DA682E
:103720007B681B6822F40042DA607B681A697B6858
:103730005B6942EA03017B689B691A027B681B682C
:103740000A43DA607B68D9697B681A6A7B681B6800
:103750000A431A607B681B681A687B681B6842F022
:1037600001021A607B6800225A647B68202283F879
:1037700041207B6800221A637B68002283F8422084
:10378000002318460837BD4680BD000080B588B0CC
:1037900002AFF860084611461A4603467B810B4685
:1037A0003B811346FB80FB6893F84130DBB2202B52
:1037B00040F0F9803B6A002B02D0BB8C002B05D176
:1037C000FB684FF400725A640123EDE0FB6893F844
:1037D0004030012B01D10223E6E0FB68012283F88F
:1037E0004020FFF719FC78617B69009319230122BF
:1037F0004FF40041F86800F0C3FA0346002B01D0F3
:103800000123D1E0FB68212283F84120FB6840229C
:1038100083F84220FB6800225A64FB683A6A5A62C5
:10382000FB68BA8C5A85FB6800225A63F8883A898B
:1038300079897B690193BB6A00930346F86800F0BD
:10384000D3F90346002B05D0FB68002283F8402003
:103850000123A9E0FB685B8D9BB2FF2B0ED9FB68AF
:10386000FF221A85FB681B8DDAB279890023009349
:103870004FF08073F86800F047FC0FE0FB685B8D49
:103880009AB2FB681A85FB681B8DDAB2798900232E
:1038900000934FF00073F86800F036FC7A69B96A5B
:1038A000F86800F0C6FA0346002B01D001237BE044
:1038B000FB685B6A1A78FB681B689A62FB685B6A44
:1038C0005A1CFB685A62FB685B8D9BB2013B9AB243
:1038D000FB685A85FB681B8D013B9AB2FB681A8511
:1038E000FB685B8D9BB2002B34D0FB681B8D002BDB
:1038F00030D17B690093BB6A00228021F86800F018
:103900003FFA0346002B01D001234DE0FB685B8D9D
:103910009BB2FF2B0ED9FB68FF221A85FB681B8D1B
:10392000DAB27989002300934FF08073F86800F0D1
:10393000EBFB0FE0FB685B8D9AB2FB681A85FB68B6
:103940001B8DDAB27989002300934FF00073F86879
:1039500000F0DAFBFB685B8D9BB2002B9ED17A698D
:10396000B96AF86800F0ACFA0346002B01D00123D5
:103970001AE0FB681B682022DA61FB681B68596843
:10398000FB681A680A4B0B405360FB68202283F8DF
:103990004120FB68002283F84220FB68002283F864
:1039A0004020002300E0022318461837BD4680BDA2
:1039B00000E800FE80B588B002AFF8600846114606
:1039C0001A4603467B810B463B811346FB80FB680E
:1039D00093F84130DBB2202B40F0FD803B6A002B96
:1039E00002D0BB8C002B05D1FB684FF400725A64E7
:1039F0000123F1E0FB6893F84030012B01D1022351
:103A0000EAE0FB68012283F84020FFF705FB7861BC
:103A10007B690093192301224FF40041F86800F0FC
:103A2000AFF90346002B01D00123D5E0FB68222229
:103A300083F84120FB68402283F84220FB68002283
:103A40005A64FB683A6A5A62FB68BA8C5A85FB680A
:103A500000225A63F8883A8979897B690193BB6AA5
:103A600000930346F86800F013F90346002B05D0D5
:103A7000FB68002283F840200123ADE0FB685B8DEA
:103A80009BB2FF2B0ED9FB6801221A85FB681B8DA8
:103A9000DAB27989524B00934FF08073F86800F0E6
:103AA00033FB0FE0FB685B8D9AB2FB681A85FB68FD
:103AB0001B8DDAB279894A4B00934FF00073F86896
:103AC00000F022FB7B690093BB6A00220421F868A6
:103AD00000F056F90346002B01D001237CE0FB687F
:103AE0001B685A6AFB685B6AD2B21A70FB685B6A31
:103AF0005A1CFB685A62FB681B8D013B9AB2FB683B
:103B00001A85FB685B8D9BB2013B9AB2FB685A85B4
:103B1000FB685B8D9BB2002B34D0FB681B8D002BA8
:103B200030D17B690093BB6A00228021F86800F0E5
:103B300027F90346002B01D001234DE0FB685B8D84
:103B40009BB2FF2B0ED9FB6801221A85FB681B8DE7
:103B5000DAB27989002300934FF08073F86800F09F
:103B6000D3FA0FE0FB685B8D9AB2FB681A85FB689D
:103B70001B8DDAB27989002300934FF00073F86847
:103B800000F0C2FAFB685B8D9BB2002B9AD17A6978
:103B9000B96AF86800F094F90346002B01D00123BC
:103BA0001AE0FB681B682022DA61FB681B68596811
:103BB000FB681A680B4B0B405360FB68202283F8AC
:103BC0004120FB68002283F84220FB68002283F832
:103BD0004020002300E0022318461837BD4680BD70
:103BE0000024008000E800FE80B586B002AFF860D7
:103BF000084611461A4603467B810B463B81134615
:103C0000FB80FB88DAB27989204B00934FF08073F8
:103C1000F86800F079FAFA69B969F86800F009F90A
:103C20000346002B01D001232CE0FB88012B05D19A
:103C30003B89DAB2FB681B689A6215E03B891B0A74
:103C40009BB2DAB2FB681B689A62FA69B969F868D4
:103C500000F0EFF80346002B01D0012312E03B896E
:103C6000DAB2FB681B689A62FB690093BB690022A9
:103C70008021F86800F084F80346002B01D001236E
:103C800000E0002318461037BD4680BD00200080AC
:103C900080B586B002AFF860084611461A46034662
:103CA0007B810B463B811346FB80FB88DAB2798926
:103CB000204B00930023F86800F026FAFA69B969EE
:103CC000F86800F0B6F80346002B01D001232CE081
:103CD000FB88012B05D13B89DAB2FB681B689A622D
:103CE00015E03B891B0A9BB2DAB2FB681B689A623B
:103CF000FA69B969F86800F09CF80346002B01D016
:103D0000012312E03B89DAB2FB681B689A62FB6907
:103D10000093BB6900224021F86800F031F80346A7
:103D2000002B01D0012300E0002318461037BD46C8
:103D300080BD00BF0020008080B483B000AF7860F9
:103D40007B681B689B6903F00203022B03D17B682D
:103D50001B6800229A627B681B689B6903F0010361
:103D6000012B07D07B681B689A697B681B6842F04F
:103D700001029A6100BF0C37BD465DF8047B7047B5
:103D800080B584B000AFF860B9603B601346FB714A
:103D90003BE0BA693968F86800F0D6F80346002BB2
:103DA00001D0012341E03B68B3F1FF3F2DD0FFF785
:103DB00033F90246BB69D31A3A689A4202D33B6888
:103DC000002B22D1FB681B689A69BB681340BA6854
:103DD0009A420CBF01230023DBB21A46FB799A42B8
:103DE00013D1FB685B6C43F02002FB685A64FB68EC
:103DF000202283F84120FB68002283F84220FB68E0
:103E0000002283F8402001230FE0FB681B689A69B9
:103E1000BB681340BA689A420CBF01230023DBB28F
:103E20001A46FB799A42B4D0002318461037BD4693
:103E300080BD80B584B000AFF860B9607A6033E0CF
:103E40007A68B968F86800F07FF80346002B01D063
:103E5000012331E0BB68B3F1FF3F25D0FFF7DCF869
:103E600002467B68D31ABA689A4202D3BB68002B19
:103E70001AD1FB681B689B6903F00203022B13D065
:103E8000FB685B6C43F02002FB685A64FB682022ED
:103E900083F84120FB68002283F84220FB6800225F
:103EA00083F84020012307E0FB681B689B6903F04F
:103EB0000203022BC4D1002318461037BD4680BD33
:103EC00080B584B000AFF860B9607A602FE07A689E
:103ED000B968F86800F038F80346002B01D00123D8
:103EE0002DE0FFF799F802467B68D31ABA689A4228
:103EF00002D3BB68002B1AD1FB681B689B6903F0D7
:103F00002003202B13D0FB685B6C43F02002FB687E
:103F10005A64FB68202283F84120FB68002283F862
:103F20004220FB68002283F84020012307E0FB6861
:103F30001B689B6903F02003202BC8D1002318467F
:103F40001037BD4680BD000080B58AB000AFF86074
:103F5000B9607A60002387F82730FB681B689B698B
:103F6000BB6100233B627B68FB61BB6903F010030C
:103F7000002B68D0FB681B681022DA6149E0BB683F
:103F8000B3F1FF3F45D0FFF747F80246FB69D31A6C
:103F9000BA689A4202D3BB68002B3AD1FB681B680F
:103FA0005B6803F480437B61FB6893F84230FB74E9
:103FB000FB681B689B6903F40043B3F5004F21D1F4
:103FC0007B69B3F5804F1DD0FB7C202B1AD0FB689A
:103FD0001B685A68FB681B6842F480425A60FFF70E
:103FE0001BF8F8610EE0FFF717F80246FB69D31AD9
:103FF000192B07D93B6A43F020033B62012387F862
:10400000273006E0FB681B689B6903F02003202B28
:10401000E9D1FB681B689B6903F02003202B03D0C8
:1040200097F82730002BAAD097F82730002B03D120
:10403000FB681B682022DA613B6A43F004033B62A1
:10404000012387F82730FB681B689B69BB61BB694C
:1040500003F48073002B0BD03B6A43F001033B62F7
:10406000FB681B684FF48072DA61012387F8273000
:10407000BB6903F48063002B0BD03B6A43F0080359
:104080003B62FB681B684FF48062DA61012387F8AA
:104090002730BB6903F40073002B0BD03B6A43F05D
:1040A00002033B62FB681B684FF40072DA61012374
:1040B00087F8273097F82730002B1CD0F868FFF7D7
:1040C0003BFEFB681B685968FB681A680D4B0B4088
:1040D0005360FB685A6C3B6A1A43FB685A64FB687E
:1040E000202283F84120FB68002283F84220FB68ED
:1040F000002283F8402097F8273018462837BD461D
:1041000080BD00BF00E800FE80B487B000AFF8605B
:104110007B600B467B8113467B727B89C3F309026C
:104120007B7A1B0403F47F031A437B681A433B6AC0
:10413000134323F000437B61FB681B685A683B6AAA
:104140005B0D03F48061084B0B43DB4302EA030180
:10415000FB681B687A690A435A6000BF1C37BD467A
:104160005DF8047B704700BFFF63FF0380B483B03A
:1041700000AF786039607B6893F84130DBB2202B68
:1041800038D17B6893F84030012B01D1022332E013
:104190007B68012283F840207B68242283F8412039
:1041A0007B681B681A687B681B6822F001021A6032
:1041B0007B681B681A687B681B6822F480521A604F
:1041C0007B681B6819687B681B683A680A431A6039
:1041D0007B681B681A687B681B6842F001021A60E2
:1041E0007B68202283F841207B68002283F84020EE
:1041F000002300E0022318460C37BD465DF8047B1F
:10420000704780B485B000AF786039607B6893F800
:104210004130DBB2202B39D17B6893F84030012B41
:1042200001D1022333E07B68012283F840207B68C0
:10423000242283F841207B681B681A687B681B680E
:1042400022F001021A607B681B681B68FB60FB6838
:1042500023F47063FB603B681B02FA681343FB6046
:104260007B681B68FA681A607B681B681A687B6841
:104270001B6842F001021A607B68202283F841200B
:104280007B68002283F84020002300E002231846C8
:104290001437BD465DF8047B7047000080B5ADF56E
:1042A000007D00AF07F50073A3F5FE73186007F5F6
:1042B0000073A3F5FE731B68002B02D1012300F0ED
:1042C000F4BF07F50073A3F5FE731B681B6803F0CA
:1042D0000103002B00F06D81B44B5B6803F00C030D
:1042E000042B0CD0B14B5B6803F00C03082B57D1A7
:1042F000AE4B5B6803F48033B3F5803F50D14FF48D
:104300000033C7F8F031D7F8F03193FAA3F3C7F8C8
:10431000EC31D7F8EC31B3FA83F3DBB23F2B02D8A0
:10432000A24B1B6815E04FF40033C7F8E831D7F80B
:10433000E83193FAA3F3C7F8E4314FF40033C7F838
:10434000E031D7F8E03193FAA3F3C7F8DC31974BAB
:104350005B6A4FF40032C7F8D821D7F8D82192FA17
:10436000A2F2C7F8D421D7F8D421B2FA82F2D2B29D
:1043700042F02002D2B202F01F02012101FA02F241
:104380001340002B00F0148107F50073A3F5FE73B2
:104390001B685B68002B40F00B81012300F085BF98
:1043A00007F50073A3F5FE731B685B68B3F5803FE8
:1043B00006D17E4B1B687D4A43F48033136036E0A0
:1043C00007F50073A3F5FE731B685B68002B0CD127
:1043D000764B1B68754A23F480331360734B1B685C
:1043E000724A23F48023136021E007F50073A3F5DC
:1043F000FE731B685B68B3F5A02F0CD16B4B1B6879
:104400006A4A43F480231360684B1B68674A43F48D
:10441000803313600BE0654B1B68644A23F48033E0
:104420001360624B1B68614A23F4802313605F4B67
:10443000DB6A23F00F0207F50073A3F5FE731B6818
:104440009B685A491343CB6207F50073A3F5FE73CB
:104450001B685B68002B54D0FEF7DEFDC7F8F8013F
:104460000AE0FEF7D9FD0246D7F8F831D31A642BDB
:1044700002D9032300F019BF4FF40033C7F8D0313D
:10448000D7F8D03193FAA3F3C7F8CC31D7F8CC31B1
:10449000B3FA83F3DBB23F2B02D8444B1B6815E021
:1044A0004FF40033C7F8C831D7F8C83193FAA3F3F3
:1044B000C7F8C4314FF40033C7F8C031D7F8C03162
:1044C00093FAA3F3C7F8BC31384B5B6A4FF4003260
:1044D000C7F8B821D7F8B82192FAA2F2C7F8B421E8
:1044E000D7F8B421B2FA82F2D2B242F02002D2B2AC
:1044F00002F01F02012101FA02F21340002BB0D09A
:1045000057E0FEF789FDC7F8F8010AE0FEF784FDE1
:104510000246D7F8F831D31A642B02D9032300F0EE
:10452000C4BE4FF40033C7F8B031D7F8B03193FAB6
:10453000A3F3C7F8AC31D7F8AC31B3FA83F3DBB2ED
:104540003F2B02D8194B1B6815E04FF40033C7F816
:10455000A831D7F8A83193FAA3F3C7F8A4314FF4E0
:104560000033C7F8A031D7F8A03193FAA3F3C7F806
:104570009C310E4B5B6A4FF40032C7F89821D7F894
:10458000982192FAA2F2C7F89421D7F89421B2FAAE
:1045900082F2D2B242F02002D2B202F01F02012116
:1045A00001FA02F21340002BB0D102E000100240E9
:1045B00000BF07F50073A3F5FE731B681B6803F0CB
:1045C0000203002B00F06C81CC4B5B6803F00C0302
:1045D000002B0BD0C94B5B6803F00C03082B6DD18B
:1045E000C64B5B6803F48033002B67D10223C7F806
:1045F0009031D7F8903193FAA3F3C7F88C31D7F8FC
:104600008C31B3FA83F3DBB23F2B02D8BB4B1B6870
:1046100013E00223C7F88831D7F8883193FAA3F35F
:10462000C7F884310223C7F88031D7F8803193FA74
:10463000A3F3C7F87C31B14B5B6A0222C7F878213B
:10464000D7F8782192FAA2F2C7F87421D7F874212A
:10465000B2FA82F2D2B242F02002D2B202F01F02CB
:10466000012101FA02F21340002B0AD007F5007372
:10467000A3F5FE731B681B69012B02D0012300F018
:1046800014BE9E4B1B6823F0F80207F50073A3F5D8
:10469000FE731B685B69F821C7F87011D7F87011B9
:1046A00091FAA1F1C7F86C11D7F86C11B1FA81F148
:1046B000C9B28B40914913430B60F1E007F50073D9
:1046C000A3F5FE731B681B69002B00F08380012398
:1046D000C7F86831D7F8683193FAA3F3C7F86431A3
:1046E000D7F86431B3FA83F3DBB203F1845303F5F3
:1046F00084139B001A4601231360FEF78DFCC7F854
:10470000F8010AE0FEF788FC0246D7F8F831D31A20
:10471000022B02D9032300F0C8BD0223C7F8603181
:10472000D7F8603193FAA3F3C7F85C31D7F85C315E
:10473000B3FA83F3DBB23F2B02D8704B1B6813E054
:104740000223C7F85831D7F8583193FAA3F3C7F8C2
:1047500054310223C7F85031D7F8503193FAA3F3FC
:10476000C7F84C31654B5B6A0222C7F84821D7F87D
:10477000482192FAA2F2C7F84421D7F84421B2FAAC
:1047800082F2D2B242F02002D2B202F01F02012124
:1047900001FA02F21340002BB4D0584B1B6823F0EF
:1047A000F80207F50073A3F5FE731B685B69F82137
:1047B000C7F84011D7F8401191FAA1F1C7F83C11A0
:1047C000D7F83C11B1FA81F1C9B28B404B49134380
:1047D0000B6065E00123C7F83831D7F8383193FA18
:1047E000A3F3C7F83431D7F83431B3FA83F3DBB22B
:1047F00003F1845303F584139B001A4600231360CE
:10480000FEF70AFCC7F8F8010AE0FEF705FC0246CD
:10481000D7F8F831D31A022B02D9032300F045BD93
:104820000223C7F83031D7F8303193FAA3F3C7F831
:104830002C31D7F82C31B3FA83F3DBB23F2B02D8FB
:104840002E4B1B6813E00223C7F82831D7F8283114
:1048500093FAA3F3C7F824310223C7F82031D7F81D
:10486000203193FAA3F3C7F81C31244B5B6A022270
:10487000C7F81821D7F8182192FAA2F2C7F8142124
:10488000D7F81421B2FA82F2D2B242F02002D2B2A8
:1048900002F01F02012101FA02F21340002BB4D1F1
:1048A00007F50073A3F5FE731B681B6803F008038C
:1048B000002B00F0158107F50073A3F5FE731B684C
:1048C0009B69002B7ED00123C7F81031D7F8103137
:1048D00093FAA3F3C7F80C31D7F80C31B3FA83F38A
:1048E000DBB21A46064B13449B001A4601231360A1
:1048F000FEF792FBC7F8F8010FE000BF001002407E
:1049000020819010FEF788FB0246D7F8F831D31AC1
:10491000022B02D9032300F0C8BC0223C7F80831D8
:10492000D7F8083193FAA3F3C7F8043107F50073F9
:10493000A3F5807302221A6007F50073A3F5807354
:104940001B6893FAA3F207F50073A3F582731A604C
:1049500007F50073A3F5847302221A6007F500734C
:10496000A3F584731B6893FAA3F207F50073A3F50C
:1049700086731A60B04B5A6A07F50073A3F5887303
:104980000221196007F50073A3F588731B6893FA79
:10499000A3F107F50073A3F58A73196007F5007397
:1049A000A3F58A731B68B3FA83F3DBB243F06003A9
:1049B000DBB203F01F03012101FA03F31340002BC4
:1049C000A0D08DE007F50073A3F58C7301221A6067
:1049D00007F50073A3F58C731B6893FAA3F207F530
:1049E0000073A3F58E731A6007F50073A3F58E7339
:1049F0001B68B3FA83F3DBB21A46904B13449B0057
:104A00001A4600231360FEF707FBC7F8F8010AE017
:104A1000FEF702FB0246D7F8F831D31A022B02D96F
:104A2000032300F042BC07F50073A3F59073022244
:104A30001A6007F50073A3F590731B6893FAA3F24D
:104A400007F50073A3F592731A6007F50073A3F5D9
:104A5000947302221A6007F50073A3F594731B6820
:104A600093FAA3F207F50073A3F596731A6007F59E
:104A70000073A3F5987302221A6007F50073A3F57B
:104A800098731B6893FAA3F207F50073A3F59A7362
:104A90001A60694B5A6A07F50073A3F59C730221EB
:104AA000196007F50073A3F59C731B6893FAA3F1D3
:104AB00007F50073A3F59E73196007F50073A3F55E
:104AC0009E731B68B3FA83F3DBB243F06003DBB27F
:104AD00003F01F03012101FA03F31340002B97D1C8
:104AE00007F50073A3F5FE731B681B6803F004034E
:104AF000002B00F09E81002387F8FF314E4BDB69CD
:104B000003F08053002B16D14B4BDB694A4A43F02C
:104B10008053D361484BDB6903F0805207F5007383
:104B2000A3F5FC731A6007F50073A3F5FC731B680B
:104B3000012387F8FF31424B1B6803F48073002B7D
:104B40001AD13F4B1B683E4A43F480731360FEF753
:104B500063FAC7F8F80109E0FEF75EFA0246D7F8F3
:104B6000F831D31A642B01D903239EE3344B1B681D
:104B700003F48073002BEFD007F50073A3F5FE73E9
:104B80001B68DB68012B06D12B4B1B6A2A4A43F0BA
:104B90000103136235E007F50073A3F5FE731B688C
:104BA000DB68002B0CD1244B1B6A234A23F0010342
:104BB0001362214B1B6A204A23F00403136220E096
:104BC00007F50073A3F5FE731B68DB68052B0CD19A
:104BD000194B1B6A184A43F004031362164B1B6AF5
:104BE000154A43F0010313620BE0134B1B6A124A90
:104BF00023F001031362104B1B6A0F4A23F00403D6
:104C0000136207F50073A3F5FE731B68DB68002BC6
:104C100000F08780FEF700FAC7F8F80112E0FEF70F
:104C2000FBF90246D7F8F831D31A41F288329342A1
:104C300008D9032339E300BF0010024020819010FF
:104C40000070004007F50073A3F5A07302221A60FC
:104C500007F50073A3F5A0731B6893FAA3F207F599
:104C60000073A3F5A2731A6007F50073A3F5A4738C
:104C700002221A6007F50073A3F5A4731B6893FA68
:104C8000A3F207F50073A3F5A6731A6007F5007386
:104C9000A3F5A6731B68B3FA83F3DBB223F05F03BB
:104CA000DBB2002B02D1984B1B6A13E007F50073AF
:104CB000A3F5A87302221A6007F50073A3F5A87381
:104CC0001B6893FAA3F207F50073A3F5AA731A60A1
:104CD0008D4B5B6A07F50072A2F5AC720221116080
:104CE00007F50072A2F5AC72126892FAA2F107F50C
:104CF0000072A2F5AE72116007F50072A2F5AE72F5
:104D00001268B2FA82F2D2B242F04002D2B202F09B
:104D10001F02012101FA02F21340002B3FF47FAF82
:104D20007DE0FEF779F9C7F8F8010BE0FEF774F9BA
:104D30000246D7F8F831D31A41F28832934201D9AA
:104D40000323B2E207F50073A3F5B07302221A60E1
:104D500007F50073A3F5B0731B6893FAA3F207F588
:104D60000073A3F5B2731A6007F50073A3F5B4736B
:104D700002221A6007F50073A3F5B4731B6893FA57
:104D8000A3F207F50073A3F5B6731A6007F5007375
:104D9000A3F5B6731B68B3FA83F3DBB223F05F03AA
:104DA000DBB2002B02D1584B1B6A13E007F50073EE
:104DB000A3F5B87302221A6007F50073A3F5B87360
:104DC0001B6893FAA3F207F50073A3F5BA731A6090
:104DD0004D4B5B6A07F50072A2F5BC7202211160AF
:104DE00007F50072A2F5BC72126892FAA2F107F5FB
:104DF0000072A2F5BE72116007F50072A2F5BE72D4
:104E00001268B2FA82F2D2B242F04002D2B202F09A
:104E10001F02012101FA02F21340002B86D197F8FC
:104E2000FF31012B05D1384BDB69374A23F0805322
:104E3000D36107F50073A3F5FE731B68DB69002BD4
:104E400000F03282304B5B6803F00C03082B00F05B
:104E5000018207F50073A3F5FE731B68DB69022B63
:104E600040F0578107F50073A3F5C0734FF08072CF
:104E70001A6007F50073A3F5C0731B6893FAA3F2D9
:104E800007F50073A3F5C2731A6007F50073A3F565
:104E9000C2731B68B3FA83F3DBB203F1845303F5E7
:104EA00084139B001A4600231360FEF7B5F8C7F879
:104EB000F80109E0FEF7B0F80246D7F8F831D31A46
:104EC000022B01D90323F0E107F50073A3F5C473A6
:104ED0004FF000721A6007F50073A3F5C4731B68E6
:104EE00093FAA3F207F50073A3F5C6731A6007F5EA
:104EF0000073A3F5C6731B68B3FA83F3DBB23F2BD1
:104F000004D8014B1B6829E00010024007F500732C
:104F1000A3F5C8734FF000721A6007F50073A3F58C
:104F2000C8731B6893FAA3F207F50073A3F5CA735D
:104F30001A6007F50073A3F5CC734FF000721A6086
:104F400007F50073A3F5CC731B6893FAA3F207F57A
:104F50000073A3F5CE731A60C34B5B6A07F500724A
:104F6000A2F5D0724FF00071116007F50072A2F542
:104F7000D072126892FAA2F107F50072A2F5D2720D
:104F8000116007F50072A2F5D2721268B2FA82F2CD
:104F9000D2B242F02002D2B202F01F02012101FA85
:104FA00002F21340002B85D1AF4B5B6823F47412DF
:104FB00007F50073A3F5FE731B68596A07F50073C4
:104FC000A3F5FE731B681B6A0B43A74913434B6091
:104FD00007F50073A3F5D4734FF080721A6007F5DC
:104FE0000073A3F5D4731B6893FAA3F207F500735B
:104FF000A3F5D6731A6007F50073A3F5D6731B6883
:10500000B3FA83F3DBB203F1845303F584139B00FB
:105010001A4601231360FDF7FFFFC7F8F80109E006
:10502000FDF7FAFF0246D7F8F831D31A022B01D95F
:1050300003233AE107F50073A3F5D8734FF000722C
:105040001A6007F50073A3F5D8731B6893FAA3F2EF
:1050500007F50073A3F5DA731A6007F50073A3F57B
:10506000DA731B68B3FA83F3DBB23F2B02D87E4BB3
:105070001B6827E007F50073A3F5DC734FF000729F
:105080001A6007F50073A3F5DC731B6893FAA3F2AB
:1050900007F50073A3F5DE731A6007F50073A3F537
:1050A000E0734FF000721A6007F50073A3F5E07328
:1050B0001B6893FAA3F207F50073A3F5E2731A6075
:1050C000694B5B6A07F50072A2F5E4724FF000715C
:1050D000116007F50072A2F5E472126892FAA2F16B
:1050E00007F50072A2F5E672116007F50072A2F5ED
:1050F000E6721268B2FA82F2D2B242F02002D2B262
:1051000002F01F02012101FA02F21340002B87D0A6
:10511000CAE007F50073A3F5E8734FF080721A60D8
:1051200007F50073A3F5E8731B6893FAA3F207F57C
:105130000073A3F5EA731A6007F50073A3F5EA7329
:105140001B68B3FA83F3DBB203F1845303F58413D2
:105150009B001A4600231360FDF75EFFC7F8F801B5
:1051600009E0FDF759FF0246D7F8F831D31A022BB0
:1051700001D9032399E007F50073A3F5EC734FF011
:1051800000721A6007F50073A3F5EC731B6893FABD
:10519000A3F207F50073A3F5EE731A6007F5007329
:1051A000A3F5EE731B68B3FA83F3DBB23F2B02D88F
:1051B0002D4B1B6827E007F50073A3F5F0734FF044
:1051C00000721A6007F50073A3F5F0731B6893FA79
:1051D000A3F207F50073A3F5F2731A6007F50073E5
:1051E000A3F5F4734FF000721A6007F50073A3F58E
:1051F000F4731B6893FAA3F207F50073A3F5F67333
:105200001A60194B5B6A07F50072A2F5F8724FF04D
:105210000071116007F50072A2F5F872126892FA37
:10522000A2F107F50072A2F5FA72116007F500729B
:10523000A2F5FA721268B2FA82F2D2B242F02002F9
:10524000D2B202F01F02012101FA02F21340002B38
:1052500087D129E007F50073A3F5FE731B68DB69AE
:10526000012B03D1012320E000100240114B5B68A9
:10527000C7F8F431D7F8F43103F4803207F500733E
:10528000A3F5FE731B681B6A9A420BD1D7F8F43161
:1052900003F4701207F50073A3F5FE731B685B6AD5
:1052A0009A4201D0012300E00023184607F5007759
:1052B000BD4680BD0010024080B59EB000AF786052
:1052C000396000237B677B68002B01D1012354E107
:1052D000894B1B6803F007033A689A4210D9864B42
:1052E0001B6823F0070284493B6813430B60824B21
:1052F0001B6803F007033A689A4201D001233CE19E
:105300007B681B6803F00203002B08D07B4B5B68B3
:1053100023F0F0027B689B68784913434B607B68FD
:105320001B6803F00103002B00F0CD807B685B68F5
:10533000012B37D14FF40033FB66FB6E93FAA3F3D6
:105340003B673B6FB3FA83F3DBB23F2B02D86B4B67
:105350001B680FE04FF40033BB66BB6E93FAA3F3F8
:105360007B664FF400333B663B6E93FAA3F3FB6519
:10537000624B5B6A4FF40032BA65BA6D92FAA2F2E0
:105380007A657A6DB2FA82F2D2B242F02002D2B2DB
:1053900002F01F02012101FA02F21340002B71D129
:1053A0000123EAE07B685B68022B37D14FF0007382
:1053B0003B653B6D93FAA3F3FB64FB6CB3FA83F399
:1053C000DBB23F2B02D84D4B1B680FE04FF0007350
:1053D000BB64BB6C93FAA3F37B644FF000733B6434
:1053E0003B6C93FAA3F3FB63444B5B6A4FF0007290
:1053F000BA63BA6B92FAA2F27A637A6BB2FA82F269
:10540000D2B242F02002D2B202F01F02012101FA10
:1054100002F21340002B35D10123AEE002233B639F
:105420003B6B93FAA3F3FB62FB6AB3FA83F3DBB241
:105430003F2B02D8314B1B680DE00223BB62BB6AD5
:1054400093FAA3F37B6202233B623B6A93FAA3F3D2
:10545000FB612A4B5B6A0222BA61BA6992FAA2F234
:105460007A617A69B2FA82F2D2B242F02002D2B202
:1054700002F01F02012101FA02F21340002B01D1B8
:1054800001237AE01D4B5B6823F003027B685B68B5
:105490001A4913434B60FDF7BFFD78670AE0FDF73B
:1054A000BBFD02467B6FD31A41F28832934201D989
:1054B000032362E0114B5B6803F00C027B685B68BE
:1054C0009B009A42EBD10C4B1B6803F007033A6830
:1054D0009A4215D2084B1B6823F0070206493B6825
:1054E00013430B60044B1B6803F007033A689A42AE
:1054F00006D0012341E000BF00200240001002401E
:105500007B681B6803F00403002B08D01D4B5B680D
:1055100023F4E0627B68DB681A4913434B607B68C5
:105520001B6803F00803002B09D0164B5B6823F4BB
:1055300060527B681B69DB00124913434B6000F02B
:1055400029F801460F4B5B6803F0F003F0223A6143
:105550003A6992FAA2F2FA60FA68B2FA82F2D2B228
:10556000D340094AD35C21FA03F3084A1360084B7D
:105570001B681846FDF70CFD002318467837BD461A
:1055800080BD00BF00100240F44901081000002057
:105590001400002080B487B000AF0023FB6000231C
:1055A000BB6000237B6100237B6000233B611E4BBB
:1055B0005B68FB60FB6803F00C03042B02D0082B34
:1055C00003D026E0194B3B6126E0FB689B0C03F0FF
:1055D0000F03174AD35C7B60134BDB6A03F00F03A6
:1055E000144AD35CBB60FB6803F48033002B08D003
:1055F0000E4ABB68B2FBF3F27B6802FB03F37B61EC
:1056000004E07B680C4A02FB03F37B617B693B612E
:1056100002E0064B3B6100BF3B6918461C37BD46A4
:105620005DF8047B704700BF0010024000127A0052
:10563000044A0108144A010800093D0080B592B0EF
:1056400000AF786000233B640023FB63002387F8EE
:1056500047307B681B6803F48033002B00F0D28056
:105660004D4BDB6903F08053002B0ED14A4BDB69B5
:10567000494A43F08053D361474BDB6903F08053C1
:10568000BB60BB68012387F84730444B1B6803F4B9
:105690008073002B18D1414B1B68404A43F4807340
:1056A0001360FDF7B9FC386408E0FDF7B5FC02466D
:1056B0003B6CD31A642B01D9032367E1374B1B687A
:1056C00003F48073002BF0D0334B1B6A03F4407358
:1056D000FB63FB6B002B00F082807B685B6803F44C
:1056E0004073FA6B9A427AD02B4B1B6A23F44073B7
:1056F000FB634FF480333B633B6B93FAA3F3FB6292
:10570000FB6AB3FA83F3DBB21A46254B13449B00C2
:105710001A46012313604FF48033BB63BB6B93FACB
:10572000A3F37B637B6BB3FA83F3DBB21A461C4BA8
:1057300013449B001A4600231360174AFB6B136245
:10574000FB6B03F00103002B49D0FDF765FC3864C7
:105750000AE0FDF761FC02463B6CD31A41F2883245
:10576000934201D9032311E10223BB62BB6A93FA7E
:10577000A3F37B6202233B623B6A93FAA3F3FB61D0
:10578000FB69B3FA83F3DBB223F05F03DBB2002BD8
:1057900008D1014B1B6A0DE0001002400070004070
:1057A000008190100223BB61BB6993FAA3F37B6174
:1057B000784B5B6A02223A613A6992FAA2F2FA6085
:1057C000FA68B2FA82F2D2B242F04002D2B202F0E9
:1057D0001F02012101FA02F21340002BB9D06D4BD8
:1057E0001B6A23F440727B685B686A4913430B624F
:1057F00097F84730012B05D1664BDB69654A23F0EA
:105800008053D3617B681B6803F00103002B08D031
:10581000604B1B6B23F003027B689B685D4913435D
:105820000B637B681B6803F00203002B08D0594B05
:105830001B6B23F440327B68DB68564913430B63D0
:105840007B681B6803F00403002B08D0514B1B6BD3
:1058500023F440227B681B694E4913430B637B682A
:105860001B6803F02003002B08D04A4B1B6B23F06E
:1058700010027B68DB69474913430B637B681B6835
:1058800003F40033002B08D0424B5B6823F4800202
:105890007B689B6B3F4913434B607B681B6803F03D
:1058A0004003002B08D03B4B1B6B23F020027B688E
:1058B0001B6A384913430B637B681B6803F00803BA
:1058C000002B08D0334B1B6B23F440127B685B69C1
:1058D000304913430B637B681B6803F01003002BF4
:1058E00008D02C4B1B6B23F440027B689B69294931
:1058F00013430B637B681B6803F40073002B08D011
:10590000244B5B6823F400027B68DB6A2149134364
:105910004B607B681B6803F08003002B08D01D4B95
:10592000DB6A23F4F8727B685B6A1A491343CB6223
:105930007B681B6803F48073002B08D0154BDB6A6F
:1059400023F478527B689B6A12491343CB627B68CD
:105950001B6803F48053002B08D00E4B1B6B23F401
:1059600080727B681B6B0B4913430B637B681B685E
:1059700003F40053002B08D0064B1B6B23F400727A
:105980007B685B6B034913430B630023184648375E
:10599000BD4680BD0010024080B584B000AF786085
:1059A0007B68002B01D101239DE07B685B6A002BA3
:1059B00008D17B685B68B3F5827F09D07B680022E1
:1059C000DA6105E07B6800221A617B6800225A6177
:1059D0007B6800229A627B6893F85D30DBB2002B13
:1059E00006D17B68002283F85C207868FCF778FF9A
:1059F0007B68022283F85D207B681B681A687B68DD
:105A00001B6822F040021A607B68DB68B3F5E06F28
:105A100002D90023FB6002E04FF48053FB607B68F7
:105A2000DB68B3F5706F07D07B68DB68B3F5E06FB8
:105A300002D07B6800229A627B685B6803F4827202
:105A40007B689B6803F404431A437B681B6903F07B
:105A500002031A437B685B6903F001031A437B6806
:105A60009B6903F400731A437B68DB6903F0380316
:105A70001A437B681B6A03F0800342EA03017B68D8
:105A80009B6A03F400527B681B680A431A607B68B8
:105A90009B691B0C03F004027B685B6A03F0100334
:105AA0001A437B685B6B03F008031A437B68DB686F
:105AB00003F4706342EA0301FB6803F480527B68DD
:105AC0001B680A435A607B681B68DA697B681B683D
:105AD00022F40062DA617B6800221A667B68012288
:105AE00083F85D20002318461037BD4680BD80B581
:105AF00088B000AFF860B9603B601346FB800023BC
:105B0000FB77FB6893F85C30012B01D102235FE146
:105B1000FB68012283F85C20FDF77EFAB861FB8800
:105B2000FB82FB6893F85D30DBB2012B02D00223CD
:105B3000FB7748E1BB68002B02D0FB88002B02D129
:105B40000123FB773FE1FB68032283F85D20FB68BC
:105B500000221A66FB68BA689A63FB68FA889A871B
:105B6000FB68FA88DA87FB6800221A64FB68002267
:105B7000A3F84420FB680022A3F84620FB6800221B
:105B80001A65FB680022DA64FB689B68B3F5004F76
:105B90000FD1FB681B681A68FB681B6822F0400283
:105BA0001A60FB681B681A68FB681B6842F4804235
:105BB0001A60FB681B681B6803F04003402B07D08A
:105BC000FB681B681A68FB681B6842F040021A6099
:105BD000FB68DB68B3F5E06F4FD9FB685B68002BAF
:105BE00002D0FB8A012B42D1FB689B6B1A88FB68B1
:105BF0001B68DA60FB689B6B9A1CFB689A63FB6806
:105C0000DB8F9BB2013B9AB2FB68DA872FE0FB681F
:105C10001B689B6803F00203022B12D1FB689B6B8D
:105C20001A88FB681B68DA60FB689B6B9A1CFB6830
:105C30009A63FB68DB8F9BB2013B9AB2FB68DA8701
:105C400015E0FDF7E9F90246BB69D31A3A689A42B2
:105C500003D83B68B3F1FF3F02D13B68002B06D16C
:105C60000323FB77FB68012283F85D20ABE0FB6830
:105C7000DB8F9BB2002BCAD180E0FB685B68002BF6
:105C800002D0FB8A012B74D1FB68DB8F9BB2012B06
:105C900012D9FB689B6B1A88FB681B68DA60FB688B
:105CA0009B6B9A1CFB689A63FB68DB8F9BB2023B81
:105CB0009AB2FB68DA875CE0FB689A6BFB681B684A
:105CC0000C3312781A70FB689B6B5A1CFB689A6342
:105CD000FB68DB8F9BB2013B9AB2FB68DA8748E036
:105CE000FB681B689B6803F00203022B2BD1FB6847
:105CF000DB8F9BB2012B12D9FB689B6B1A88FB6868
:105D00001B68DA60FB689B6B9A1CFB689A63FB68F4
:105D1000DB8F9BB2023B9AB2FB68DA8729E0FB6813
:105D20009A6BFB681B680C3312781A70FB689B6BCC
:105D30005A1CFB689A63FB68DB8F9BB2013B9AB2EB
:105D4000FB68DA8715E0FDF767F90246BB69D31AED
:105D50003A689A4203D83B68B3F1FF3F02D13B68EF
:105D6000002B06D10323FB77FB68012283F85D201B
:105D700029E0FB68DB8F9BB2002BB1D1BA6939688F
:105D8000F86800F047F90346002B02D0FB68202298
:105D90001A66FB689B68002B0AD100233B61FB68F5
:105DA0001B68DB683B61FB681B689B683B613B6968
:105DB000FB681B6E002B02D00123FB7703E0FB681E
:105DC000012283F85D20FB68002283F85C20FB7FC2
:105DD00018462037BD4680BD80B588B000AFF8605A
:105DE000B9603B601346FB71FDF716F90246BB6ACA
:105DF0009B1A3A681344FB61FDF70EF9B861394B01
:105E00001B685B011B0DFA6902FB03F37B6154E025
:105E10003B68B3F1FF3F50D0FDF7FEF80246BB6987
:105E2000D31AFA699A4202D9FB69002B3DD1FB686B
:105E30001B685A68FB681B6822F0E0025A60FB6826
:105E40005B68B3F5827F11D1FB689B68B3F5004FA7
:105E500004D0FB689B68B3F5806F07D1FB681B68B3
:105E60001A68FB681B6822F040021A60FB689B6A94
:105E7000B3F5005F0FD1FB681B681A68FB681B68ED
:105E800022F400521A60FB681B681A68FB681B68E2
:105E900042F400521A60FB68012283F85D20FB681F
:105EA000002283F85C20032317E07B69002B01D1DB
:105EB0000023FB617B69013B7B61FB681B689A687F
:105EC000BB681340BA689A420CBF01230023DBB2BF
:105ED0001A46FB799A429BD1002318462037BD46CB
:105EE00080BD00BF1000002080B58AB000AFF86010
:105EF000B9607A603B600023FB75FDF78DF80246C0
:105F00003B6B9B1A3A6813447B62FDF785F8386255
:105F1000FB681B680C33FB613D4B1A6813469B0002
:105F20001344DA00D31A1B0D7A6A02FB03F3BB6138
:105F300060E0BB68B3F5C06F07D17B68002B04D16C
:105F4000FB691B78DBB2FB75FB7D3B68B3F1FF3F60
:105F500050D0FDF761F802463B6AD31A7A6A9A423A
:105F600002D97B6A002B3DD1FB681B685A68FB682D
:105F70001B6822F0E0025A60FB685B68B3F5827F21
:105F800011D1FB689B68B3F5004F04D0FB689B6898
:105F9000B3F5806F07D1FB681B681A68FB681B6844
:105FA00022F040021A60FB689B6AB3F5005F0FD1D4
:105FB000FB681B681A68FB681B6822F400521A60B1
:105FC000FB681B681A68FB681B6842F400521A6081
:105FD000FB68012283F85D20FB68002283F85C20C7
:105FE000032310E0BB69002B01D100237B62BB6956
:105FF000013BBB61FB681B689A68BB6813407A6809
:106000009A4296D1002318462837BD4680BD00BF6E
:106010001000002080B586B002AFF860B9607A60E9
:106020007B680093BB6800224FF4C051F868FFF70B
:106030005BFF0346002B07D0FB681B6E43F020027A
:10604000FB681A66032327E07B680093BB68002285
:106050008021F868FFF7C0FE0346002B07D0FB68DD
:106060001B6E43F02002FB681A66032314E07B6872
:106070000093BB6800224FF4C061F868FFF734FF5B
:106080000346002B07D0FB681B6E43F02002FB6821
:106090001A66032300E0002318461037BD4680BD72
:1060A000024B0146186800F02DB800BF2800002000
:1060B000024B0146186800F0D3BB00BF2800002047
:1060C00070B50F4E0C463168054611B900F04CFB17
:1060D00030602146284600F047FB431C03D14FF0B7
:1060E000FF34204670BDC41C24F00304A042F8D045
:1060F000211A284600F038FB0130F2D1EFE700BF4B
:10610000C40100202DE9F843CD1C25F00305083516
:106110000C2D38BF0C25002D064601DBA94204D901
:106120000C2333600020BDE8F883DFF8D48000F052
:1061300069F8D8F800301C4644BB29463046FFF7C2
:10614000BFFF431C044658D1D8F800402746002F13
:1061500043D1002C4BD023683946304604EB030969
:1061600000F002FB814542D121686D1A2946304674
:10617000FFF7A6FF01303AD023682B442360D8F8FC
:1061800000305A6862BBC8F800700FE02268521BEA
:1061900020D40B2A17D96119A342256018BF596072
:1061A000636808BFC8F8001062514B60304600F0C9
:1061B0002FF804F10B00231D20F00700C21A1CBFAA
:1061C0001B1AA350AFE76268A3420CBFC8F80020B7
:1061D0005A60EBE723466468AEE73C467F68B6E763
:1061E0001A465B68A342FBD100235360DEE70C2311
:1061F0003360304600F00CF894E70560D6E700BF46
:10620000C8010020014800F0FCBA00BF0C030020C8
:10621000014800F0F7BA00BF0C030020164B10B580
:106220001C68236BB3B91820FFF73AFF02462063BE
:1062300020B9124B1248522100F0F4FA1149124BC6
:10624000C0E90013114B83600B23838100210120DF
:10625000C2E90401216B0E480B694C690D4A584391
:1062600002FB0400A3FB0232013340EB0200C1E950
:10627000043020F0004010BD28000020244A01080E
:106280003B4A01080E33CDAB34126DE6ECDE05005F
:106290002DF451582D7F954C002310B50446C0E9CC
:1062A0000033C0E90433836081814366C281836126
:1062B000194608225C3000F01BFA0D4B63620D4B4F
:1062C000A3620D4BE3620D4B23630D4B24629C4292
:1062D00006D003F16802944202D0D0339C4205D12B
:1062E00004F15800BDE8104000F08ABA10BD00BFAC
:1062F00041650008636500089B650008BF650008EC
:10630000CC010020024A0349034800F069B800BFED
:106310001C000020497200082C00002041680C4B32
:10632000994210B5044601D000F08EFFA168094BD8
:10633000994202D0204600F087FFE168064B99425F
:1063400004D02046BDE8104000F07EBF10BD00BF65
:10635000CC010020340200209C02002010B50B4B21
:106360000B4C0C4A1A60204600220421FFF794FFD0
:1063700004F1680001220921FFF78EFF04F1D0002B
:106380000222BDE810401221FFF786BF040300205F
:10639000CC01002005630008014800F032BA00BFBC
:1063A0000D030020014800F02DBA00BF0D030020AE
:1063B00010B50446FFF7F0FF236A1BB1BDE810409B
:1063C000FFF7F0BF044B2362044B1B68002BF5D191
:1063D000FFF7C4FFF2E700BF1D63000804030020BD
:1063E0002DE9F8430746884614460026D4E901956E
:1063F000B9F1010905D52468002CF7D13046BDE874
:10640000F883AB89012B07D9B5F90E30013303D0DE
:1064100029463846C04706436835E9E70FB407B553
:10642000064904AB086853F8042B8168019300F017
:10643000E3FB03B05DF804EB04B0704728000020D4
:10644000036A70B5846805460E460BB9FFF7B0FFC6
:10645000636EDB0705D4A389980502D4A06D00F014
:10646000D0F9A389190702D52369002B35D121461C
:10647000284600F0E7F880B34FF0FF35636EDA0787
:1064800005D4A3899B0502D4A06D00F0BBF9284672
:1064900070BD002B04DAA2699A4217DC0A2915D0D4
:1064A00023685A1C22601970A36816F8011F013B6B
:1064B000A3600029EDD1002B11DA22460A212846DB
:1064C00000F081F80130D7D00A25D7E722462846C8
:1064D00000F079F80130E7D1CEE7013EE4E7236828
:1064E0005A1C22600A221A70EEE70000024B014695
:1064F0001868FFF7A5BF00BF280000200EB410B534
:106500009DB01FAB029006906FF000410A480791C2
:1065100004910A4953F8042B0591002402A900684C
:1065200001931B9400F042FA029B1C701DB0BDE861
:10653000104003B0704700BF280000200802FFFF92
:1065400010B50C46B1F90E1000F0FCF80028ABBFF6
:10655000636DA3891B1823F48053ACBF6365A381CB
:1065600010BD2DE9F0411F468B89DB0505460C4621
:10657000164605D5B1F90E100223002200F0D0F81E
:10658000A389B4F90E1023F48053A38132463B460D
:106590002846BDE8F04100F0F7B810B50C46B1F957
:1065A0000E1000F0BDF8431CA38915BF606523F4ED
:1065B000805343F48053A38118BFA38110BDB1F968
:1065C0000E1000F09DB8F8B50E461446054618B1F9
:1065D000036A0BB9FFF7ECFEA369A360A3891A074E
:1065E00001D5236943B92146284600F02BF818B19C
:1065F0004FF0FF373846F8BD23682269981A63695F
:10660000F6B28342374605DC2146284600F01CFEE0
:106610000028EDD1A368013BA36023685A1C2260C7
:106620001E706269431C9A4204D0A389DB07E1D53E
:106630000A2EDFD12146284600F006FE0028D9D0D8
:10664000D6E7000038B5294B054618680C4618B146
:10665000036A0BB9FFF7ACFEB4F90C30190722D46A
:10666000DA0607D409222A6043F04003A3814FF0E1
:10667000FF3033E0580712D5616B41B104F1440398
:10668000994202D0284600F0EBF800236363A38907
:1066900023F02403A3810023636023692360A3897B
:1066A00043F00803A38123694BB9A38903F4207342
:1066B000B3F5007F03D02146284600F025FEB4F94B
:1066C0000C3013F001020AD00022A260626952422B
:1066D000A261226942B913F08000C5D138BD990783
:1066E00058BF6269A260F4E70020F7E728000020A5
:1066F00002440346934200D1704703F8011BF9E7B7
:1067000038B5064D0023044608462B60FCF7BCF95B
:10671000431C02D12B6803B1236038BD080300205D
:1067200038B5074D04460846114600222A601A462D
:10673000FCF7D1F9431C02D12B6803B1236038BDAB
:106740000803002038B5074D0446084611460022CC
:106750002A601A46FCF75FF9431C02D12B6803B18B
:10676000236038BD0803002038B5064D00230446D9
:1067700008462B60FCF7BCF9431C02D12B6803B11F
:10678000236038BD0803002038B5074D044608468D
:10679000114600222A601A46FCF75AF9431C02D11E
:1067A0002B6803B1236038BD08030020014B186833
:1067B000704700BF2800002070B50D4D0D4C641BC4
:1067C000A4100026A64209D10B4D0C4C01F0E4F9AF
:1067D000641BA4100026A64205D170BD55F8043BE9
:1067E00098470136EEE755F8043B98470136F2E743
:1067F000204B0108204B0108204B0108244B0108C5
:106800007047704770470A44914200F1FF3300D14E
:10681000704710B511F8014B03F8014F9142F9D1BF
:1068200010BD00001FB514461A46094B1B680546EB
:10683000D8684CB1074B0091CDE9013406492B468D
:1068400000F02AFD00F0D8FD044B1C46F3E700BF22
:1068500028000020934A0108A04A0108CE4A0108F6
:1068600038B50546002941D051F8043C0C1F002BD7
:10687000B8BFE418FFF7C6FC1D4A136833B963605C
:1068800014602846BDE83840FFF7C2BCA34208D9CF
:10689000206821188B4201BF19685B6809182160C4
:1068A000EDE71A465B680BB1A342FAD9116850189C
:1068B000A0420BD120680144501883421160E0D1FE
:1068C00018685B68536008441060DAE702D90C234B
:1068D0002B60D6E7206821188B4204BF19685B68DB
:1068E000636004BF091821605460CAE738BD00BF67
:1068F000C80100202DE9F0478E681F46BE420B6894
:1069000082460C4690462DD8B1F90C2012F4906FB7
:1069100026D06569096905EB4505A3EB010905EB7F
:10692000D5757B1C4B446D109D4238BF1D465305E9
:1069300027D52946FFF7E6FB064660B321694A469C
:10694000FFF761FFA38923F4906343F08003A381E1
:10695000266165614E44A5EB09052660A5603E46AB
:10696000BE4200D93E4620683246414600F008FD4E
:10697000A3689B1BA3602368334423600020BDE809
:10698000F0872A4600F03FFD06460028E0D1216945
:106990005046FFF765FF0C23CAF80030A38943F087
:1069A0004003A3814FF0FF30E9E700002DE9F04FED
:1069B00098468B891B069DB007460D46144610D598
:1069C0000B6973B94021FFF79DFB2860286130B93E
:1069D0000C233B604FF0FF301DB0BDE8F08F40232B
:1069E0006B610023099320238DF82930CDF80C80AA
:1069F0003023DFF89C818DF82A304FF001092346BF
:106A00009A4613F8012B0AB1252AF9D1BAEB040BE7
:106A10000BD05B46224629463846FFF76BFF013014
:106A200000F0A780099A5A4409929AF80030002B86
:106A300000F09F8000234FF0FF32CDE905230AF1DB
:106A4000010A049307938DF853301A935446052294
:106A500014F8011B4E48F9F7BBFB049AD8B9D006CD
:106A600044BF20238DF85330110744BF2B238DF8EA
:106A700053309AF800302A2B15D0079A544600203C
:106A80004FF00A0C214611F8013B303B092B4BD942
:106A9000B0B1079214E0A0EB080309FA03F3134323
:106AA0000493A246D2E7039B191D1B680391002B98
:106AB000BBBF5B4242F0020207930793B8BF049248
:106AC00023782E2B0AD163782A2B32D1039B1A1DEF
:106AD0001B68039243EAE37302340593DFF8C0A016
:106AE000217803225046F9F773FB38B1049BA0EBE1
:106AF0000A004022824013430134049314F8011B1E
:106B000024488DF828100622F9F762FB002836D0B9
:106B1000214B1BBB039B073323F00703083303936D
:106B2000099B334409936AE70CFB02320C460120AF
:106B3000A8E700230134059319464FF00A0C2046BC
:106B400010F8012B303A092A03D9002BC6D0059141
:106B5000C4E70CFB012104460123F0E703AB0093DB
:106B60002A460E4B04A93846AFF30080421C064665
:106B7000D6D1AB895B063FF52DAF09982CE703AB67
:106B800000932A46054B04A9384600F0BBF9EDE70F
:106B9000CF4A0108D94A010800000000F568000842
:106BA000D54A01089368013B002B10B4936008DAC2
:106BB0009469A34201DB0A2903D15DF8044BFFF776
:106BC00002BD1368581C1060197008465DF8044B2C
:106BD0007047F8B506460F461446D518AC4201D1A9
:106BE000002007E014F8011B3A463046FFF7DAFFB1
:106BF000431CF3D1F8BD00002DE9F04F0D469DB0C8
:106C000014469846064618B1036A0BB9FFF7D0FB45
:106C10006B6ED90705D4AB899A0502D4A86DFFF72E
:106C2000F0FDAB891B0701D52B699BB9294630467E
:106C3000FFF708FD70B16B6EDC0704D54FF0FF3035
:106C40001DB0BDE8F08FAB899805F7D4A86DFFF7AC
:106C5000D9FDF3E70023099320238DF82930CDF8DF
:106C60000C803023DFF8AC818DF82A304FF0010919
:106C700023469A4613F8012B0AB1252AF9D1BAEB1B
:106C8000040B0BD05B46224629463046FFF7A1FF96
:106C9000013000F0A780099A5A4409929AF800300E
:106CA000002B00F09F8000234FF0FF32CDE9052339
:106CB0000AF1010A049307938DF853301A9354464E
:106CC000052214F8011B5348F9F782FA049AD8B93F
:106CD000D10644BF20238DF85330130744BF2B2324
:106CE0008DF853309AF800302A2B15D0079A544665
:106CF00000204FF00A0C214611F8013B303B092BD4
:106D00004BD9B0B1079214E0A0EB080309FA03F3E2
:106D100013430493A246D2E7039B191D1B680391FA
:106D2000002BBBBF5B4242F0020207930793B8BF40
:106D3000049223782E2B0AD163782A2B32D1039B1D
:106D40001A1D1B68039243EAE37302340593DFF8CC
:106D5000D4A0217803225046F9F73AFA38B1049BBF
:106D6000A0EB0A004022824013430134049314F83C
:106D7000011B29488DF828100622F9F729FA002866
:106D80003FD0264B1BBB039B073323F0070308337D
:106D90000393099B3B4409936AE70CFB02320C46C0
:106DA0000120A8E700230134059319464FF00A0C8F
:106DB000204610F8012B303A092A03D9002BC6D0FF
:106DC0000591C4E70CFB012104460123F0E703AB66
:106DD00000932A46124B04A93046AFF300800746C1
:106DE000781CD6D16B6ED90705D4AB899A0502D42D
:106DF000A86DFFF707FDAB895B063FF51FAF09984C
:106E00001EE703AB00932A46054B04A9304600F069
:106E100079F8E4E7CF4A0108D94A010800000000E8
:106E2000D36B0008D54A01082DE9F047164698466D
:106E30008A680B69DDF820909342B8BF134633602F
:106E400091F8432007460C460AB1013333602368AA
:106E5000990642BF336802333360256815F0060592
:106E600006D104F1190AE36832689B1AAB4226DCAA
:106E700094F843302268003B18BF012392062BD4BC
:106E800004F1430241463846C84701301ED023680A
:106E9000226903F00603042B02BFE5683368ED1A8C
:106EA000A3680CBF25EAE57500259342C4BF9B1A71
:106EB000ED1800261A34B5421AD1002008E001234B
:106EC000524641463846C847013003D14FF0FF30A3
:106ED000BDE8F0870135C6E7E1185A1C302081F87B
:106EE0004300224494F8451082F843100233C7E768
:106EF0000123224641463846C8470130E6D00136D4
:106F0000D9E700002DE9FF470F7E0C9E782F9146B0
:106F100080460C469A4601F1430207D8622F0AD8F0
:106F2000002F00F0D180582F00F0B88004F1420605
:106F300084F842703AE0A7F16303152BF6D801A15B
:106F400051F823F09D6F0008B16F00082D6F000805
:106F50002D6F00082D6F00082D6F0008B16F00081D
:106F60002D6F00082D6F00082D6F00082D6F000891
:106F7000AF700008DB6F0008697000082D6F000813
:106F80002D6F0008D17000082D6F0008DB6F00081E
:106F90002D6F00082D6F00087170000833681A1DEE
:106FA0001B68326004F1420684F8423001239CE001
:106FB00033682068191D3160060601D51D6803E09D
:106FC0004506FBD5B3F90050002D03DA2D236D42A1
:106FD00084F8433058480A2311E0216833680806D2
:106FE00053F8045B02D4490648BFADB26F2F524834
:106FF000336014BF0A230823002184F84310666815
:10700000A660002E05DB21682E4321F004012160DB
:107010004BD01646B5FBF3F103FB1157C75D06F8DD
:10702000017D2F46BB420D46F4D9082B0BD12368B6
:10703000DF0708D5236961689942DEBF302306F86F
:10704000013C06F1FF36921B2261CDF800A04B46B1
:1070500003AA21464046FFF7E7FE01304AD14FF030
:10706000FF3004B0BDE8F087236843F020032360BD
:107070003248782784F84570236831681F0651F834
:10708000045B02D45F0648BFADB23160D90744BF8C
:1070900043F0200323601DB11023ADE72648E9E744
:1070A000236823F020032360F6E71646BDE7336824
:1070B00025686169181D30602E061B6801D51960AE
:1070C00002E06806FBD51980002323611646BCE761
:1070D00033681A1D32601E68626800213046F9F775
:1070E00077F808B1801B606063682361002384F82F
:1070F0004330AAE72369324649464046D04701302B
:10710000ADD023689B0713D4E068039B9842B8BFB7
:107110001846A6E70123324649464046D04701308B
:107120009DD00135E36803995B1AAB42F2DCEBE7D3
:10713000002504F11906F5E7E04A0108F14A0108C3
:10714000B1F90C202DE9F041160705460C4654D440
:107150004B68002B02DC0B6C002B48DDE66A002E2E
:1071600045D0002312F480522F68216A2B6030D062
:10717000626DA389590705D56368D21A636B0BB199
:10718000236CD21A0023E66A216A2846B047431CC2
:10719000A38906D129681D292BD82A4ACA40D607B7
:1071A00027D500226260D9042269226004D5421CDE
:1071B00001D12B6803B96065616B2F60B9B104F12F
:1071C0004403994202D02846FFF74AFB0023636339
:1071D0000DE001232846B0470246501CC9D12B6858
:1071E000002BC6D01D2B01D0162B1ED12F600020E6
:1071F00022E043F040031BB21BE00F69002FF6D0E2
:1072000093070E6808BF4B690F6018BF0023A6EBF9
:1072100007088B60B8F1000FE9DD216AA66A4346D2
:107220003A462846B047002808DCB4F90C3043F051
:107230004003A3814FF0FF30BDE8F0810744A8EB85
:107240000008E7E70100402038B50B6905460C4609
:1072500013B90025284638BD18B1036A0BB9FFF7EA
:10726000A7F8B4F90C30002BF3D0626ED00704D429
:10727000990502D4A06DFFF7C4FA28462146FFF70E
:107280005FFF636EDA070546E4D4A3899B05E1D46A
:10729000A06DFFF7B7FADDE70EB403B5014603AB07
:1072A000054853F8042B00680193FFF7A5FC02B0D2
:1072B0005DF804EB03B070472800002070B50C4661
:1072C000B1F90E10002996B015461E460DDAA389B5
:1072D00013F0800F4FF0000114BF40234FF4806380
:1072E000002031602B6016B070BD6A4600F062F875
:1072F0000028ECDB019901F47041A1F500535942DB
:1073000059414FF48063EBE78B89F7B59D0706463B
:107310000C4607D504F14703236023610123636111
:1073200003B0F0BD01AB6A46FFF7C8FF009F0546FA
:1073300039463046FEF7E6FE48B9B4F90C309A05F6
:10734000EED423F0030343F00203A381E2E7A38911
:10735000206043F08003A381019BC4E904075BB173
:10736000B4F90E10304600F037F828B1A38923F0A5
:10737000030343F00103A381A3891D43A581CFE744
:10738000884210B501EB020402D98442234607D893
:10739000431EA14208D011F8012B03F8012FF8E792
:1073A000024401468A4200D110BD13F8014D02F893
:1073B000014DF7E738B5074D00230446084611464E
:1073C0002B60FBF76DFB431C02D12B6803B12360DC
:1073D00038BD00BF0803002038B5064D0023044621
:1073E00008462B60FBF76CFB431C02D12B6803B1F2
:1073F000236038BD0803002008B5062000F05AF8C5
:107400000120FBF7FDFA2DE9F041074614460D4631
:1074100021B9BDE8F0411146FEF774BE2AB9FFF765
:107420001FFA25462846BDE8F08100F05FF8844247
:10743000064602D8B4EB500FF4D821463846FEF782
:1074400061FE804608B94546ECE7B442224629462B
:1074500028BF3246FFF7D7F929463846FFF700FA2A
:10746000F1E71F2938B505460C4604D916230360F9
:107470004FF0FF3038BDC26B12B152F821304BB91A
:10748000284600F031F8224601462846BDE838403B
:1074900000F018B8012B0AD0591C03D11623036041
:1074A0000120E7E7002142F82410204698470020F9
:1074B000E0E70000024B01461868FFF7D2BF00BFAB
:1074C0002800002038B5074D002304460846114621
:1074D0002B60FBF785FA431C02D12B6803B12360B4
:1074E00038BD00BF08030020FBF772BA51F8043C16
:1074F000181F002BBCBF0B58C018704738B52DEDB6
:10750000028B55EC104B00F043F922462B462046E7
:107510002946B0EE408AF0EE608AF9F7FFFAA8B982
:1075200045EC104B00F04AF80C4B51EC100B0022CC
:10753000F9F7EAFA50B1FFF739F9BDEC028B2123D4
:107540000360BDE83840064800F042B8B0EE480A93
:10755000F0EE680ABDEC028B38BD00BF0000F03FC2
:10756000CE4A010838B52DED028B55EC104B00F0DA
:1075700037F822462B4620462946B0EE408AF0EEE8
:10758000608AF9F7CBFA90B90022002320462946F9
:10759000F9F79CFA58B1FFF709F92123036000229B
:1075A000002310461946F9F749F941EC180BB0EEE3
:1075B000480AF0EE680ABDEC028B38BD51EC100BA6
:1075C000024621F0004343EC102B704700000000FE
:1075D0009FED010B704700BF000000000000F87F26
:1075E0002DE9F84F664A55EC104BAA432B4621462D
:1075F00010D1224620462946F8F7F6FF02460B46F0
:1076000020462946F8F73AFE04460D4645EC104B55
:10761000BDE8F88F002D0EDC25F000422243F5D0A6
:107620009DB1224620462946F8F726FE02460B4623
:10763000F9F704F9E8E72A1515D1002009E0CB0A8B
:10764000153A4905002BFAD0F7E72A46FAE75B001E
:107650000130DC02FBD5441E121BC0F1200421FACC
:1076600004F423438140C3F31303A2F2FF3743F42E
:107670008013D2075CBF5B0003EBD1734FEA430377
:1076800058BF4900002603EBD1737F104900162034
:1076900032464FF4001415199D42DEBF2A195B1BB8
:1076A0003619CD0F013805EB43034FEA41014FEA8C
:1076B0005404F0D1054620244FF0004C93420CEBCB
:1076C000000E02DC13D18E4511D8BEF1000F0EEB77
:1076D0000C003FDA00283DDB02F101089B1A8E45C1
:1076E00088BF03F1FF33A1EB0E01654442464FEA28
:1076F000D17E013C0EEB43034FEA41014FEA5C0CA3
:10770000DCD119431BD0DFF87CA0DFF87CB0DAE9CC
:107710000001DBE90023F8F7AFFDDAE90089024652
:107720000B4640464946F9F7DBF940B1B5F1FF3F5A
:10773000DAE90001DBE900230ED10136254673109A
:1077400003F17F5303F5001303EB07516B0843EA82
:10775000C67059E79046C1E7F8F790FDDAE900896D
:1077600002460B4640464946F9F7B0F920B1AB1C3A
:1077700008BF01360235E2E76B1C23F00105DEE7A6
:107780000000F07F104B0108084B010800000000CA
:107790002DE9F04F55EC104BC74B87B025F0004654
:1077A0009E4201952DD906F1404606F580162643E6
:1077B00016D1A7A3D3E9002320462946F8F714FFE2
:1077C000A5A3D3E9002306460F4620462946F8F72D
:1077D0000BFF02460B4630463946F8F74FFD09E0ED
:1077E00022462B4620462946F8F746FD02460B4620
:1077F000F9F724F804460D4645EC104B07B0BDE8F8
:10780000F08FAE4B9E4210D8B6F1795F80F0AD801C
:1078100093A3D3E9002320462946F8F72FFDA84B70
:107820000022F9F771F90028E6D145EC104BFFF77B
:10783000C5FEA34953EC102B0020F8F71DFDA14B0A
:107840000022F8F7D1FE88A3D3E9002304460D46B1
:10785000F8F7CAFE86A3D3E90023F8F70FFD224606
:107860002B46F8F7C1FE84A3D3E90023F8F704FD03
:1078700022462B46F8F7B8FE81A3D3E90023F8F798
:10788000FDFC22462B46F8F7AFFE7FA3D3E9002389
:10789000F8F7F2FC22462B46F8F7A6FE7CA3D3E9C4
:1078A0000023F8F7EBFC22462B46F8F79DFE7AA35F
:1078B000D3E90023CDE9020120462946F8F794FEDA
:1078C00077A3D3E90023F8F7D7FC22462B46F8F735
:1078D0008BFE75A3D3E90023F8F7D0FC22462B4694
:1078E000F8F782FE72A3D3E90023F8F7C5FC22461D
:1078F0002B46F8F779FE724B0022F8F7BFFC45ECF7
:10790000104BCDE90401FFF76BFE6F4B9E425BEC21
:1079100010AB40F2DB80DDE90423DDE90201F8F77A
:107920008DFF52465B46F8F75FFE52465B46F8F71E
:10793000A5FC02460B46F8F7A1FC47A3D3E90023B8
:10794000F8F79AFC02460B4641A1D1E90001F8F78D
:1079500093FC019B002BDCBF024601F1004304466F
:107960000D46DCBF14461D4646E722462B46204600
:107970002946F8F739FE3CA3D3E9002306460F4613
:10798000F8F732FE3AA3D3E90023F8F777FC324642
:107990003B46F8F729FE38A3D3E90023F8F76CFC3F
:1079A00032463B46F8F720FE35A3D3E90023F8F72B
:1079B00065FC32463B46F8F717FE33A3D3E90023B4
:1079C000F8F75AFC32463B46F8F70EFE30A3D3E9EF
:1079D0000023F8F753FC32463B46F8F705FE2EA38A
:1079E000D3E900238046894630463946F8F7FCFD46
:1079F0002BA3D3E90023F8F73FFC32463B46F8F7C8
:107A0000F3FD29A3D3E90023F8F738FC32463B46BF
:107A1000F8F7EAFD26A3D3E90023F8F72DFC324658
:107A20003B46F8F7E1FD264B0022F8F727FC02461B
:107A30000B4640464946F8F701FF22462B46F8F729
:107A4000D3FD02460B4620462946C6E6AFF300802A
:107A5000182D4454FB21F93F075C143326A6913CB2
:107A60009C7500883CE4377E09F7FD0DE13D023F3F
:107A700088B20175E0EF493F3B8F68B52882A43F8B
:107A80005544880E55C1C93F7D6FEB0312D6D43FD4
:107A9000555555555555C53F82922EB1C5B8B33F82
:107AA00059018D1B6C06E63FC88A599CE52A0040A7
:107AB0004B2D8A1C273A0340FFFFEF3FFFFFDF3FBC
:107AC0000000F03F0000E03F3233EF3F52465B469C
:107AD00050465946F8F7D2FBDDE9042306460F4627
:107AE000DDE90201F8F7AAFE02460B4630463946A8
:107AF000F8F77AFD4FF0000806460F4642465B460F
:107B000040465946F8F770FD02460B462046294686
:107B1000F8F7B2FB424604460D465B4650465946CE
:107B2000F8F7ACFB02460B4620462946F8F786FEDE
:107B300002460B46F8F7A2FB02460B4612A1D1E91A
:107B40000001F8F799FB02460B4630463946F8F734
:107B500093FB424604460D465B4640465946F8F7BD
:107B60008DFB02460B460AA1D1E90001F8F784FB20
:107B700002460B4620462946F8F77EFB02460B4696
:107B800003A1D1E90001E2E6075C143326A6913C8B
:107B9000182D4454FB21E93FF8B500BFF8BC08BCE0
:107BA0009E467047F8B500BFF8BC08BC9E467047BB
:107BB0004353543836532064657465637465642E8A
:107BC0000A090000435354383653206E6F74206402
:107BD000657465637465642E0A0900004E4F4E4556
:107BE0002020202020202020000000005357495052
:107BF0004520444F574E2020000000005357495065
:107C000045205550202020200000000053574950A7
:107C100045204C4546542020000000005357495051
:107C200045205249474854200000000053494E4720
:107C30004C4520434C49434B00000000444F554203
:107C40004C4520434C49434B000000004C4F4E47ED
:107C5000205052455353202000000000554E4B4EFB
:107C60004F574E202020202000000000424D493276
:107C700037302063686970204944206D69736D61F5
:107C80007463682E2E2E0000424D49323730206931
:107C90006E697469616C697A6174696F6E20666976
:107CA0006C65206C6F61646564204F4B2E2E2E0036
:107CB000424D4932373020696E697469616C697A66
:107CC0006174696F6E2066696C65206C6F616420F9
:107CD0004641494C45442E2E2E0000004163632846
:107CE00067293D3E20583A252E326620593A252EE6
:107CF0003266205A3A252E32662020204779726F4C
:107D000028647073293D3E20583A252E326620594A
:107D10003A252E3266205A3A252E32660A00000095
:107D2000526F6C6C3A20252E32662064656772654E
:107D300065732C2050697463683A20252E326620C2
:107D4000646567726565730A000000005354415210
:107D50005400000047414D45204F56455200000059
:107D60005245535441525400330000003200000089
:107D70003100000030302564000000003025640030
:107D80002564000057494E00E34BE34BE34BE34BC4
:107D9000E34BE34BE34BE34BE34BE34BE34BE34B73
:107DA000E34BE34BE34BE34BE34BE34BE34BE34B63
:107DB000E34BE34BE34BE34BE34BE34BE34BE34B53
:107DC000E34BE34BE34BE34BE34BE34BE34BE34B43
:107DD000E34BE34BE34BE34BE34BE34BE34BE34B33
:107DE000E34BE34BE34BE34BE34BE34BE34BE34B23
:107DF000E34BE34BE34BE34BE34BE34BE34BE34B13
:107E0000E34BE34BE34BE34BE34BE34BE34BE34B02
:107E1000E34BE34BE34BE34BE34BE34BE34BE34BF2
:107E2000E34BE34BE34BE34BE34BE34BE34BE34BE2
:107E3000E34BE34BE34BE34BE34BE34BE34BE34BD2
:107E4000E34BE34BE34BE34BE34BE34BE34BE34BC2
:107E5000E34BE34BE34BE34BE34BE34BE34BE34BB2
:107E6000E34BE34BE34BE34BE34BE34BE34BE34BA2
:107E7000E34BE34BE34BE34BE34BE34BE34BE34B92
:107E8000E34BE34BE34BE34BE34BE34BE34BE34B82
:107E9000E34BE34BE34BE34BE34BE34BE34BE34B72
:107EA000E34BE34BE34BE34BE34BE34BE34BE34B62
:107EB000E34BE34BE34BE34BE34BE34BE34BE34B52
:107EC000E34BE34BE34BE34BE34BE34BE34BE34B42
:107ED000E34BE34BE34BE34BE34BE34BE34BE34B32
:107EE000E34BE34BE34BE34BE34BE34BE34BE34B22
:107EF000E34BE34BE34BE34BE34BE34BE34BE34B12
:107F0000E34BE34BE34BE34BE34BE34BE34BE34B01
:107F1000E34BE34BE34BE34BE34BE34BE34BE34BF1
:107F2000E34BE34BE34BE34BE34BE34BE34BE34BE1
:107F3000E34BE34BE34BE34BE34BE34BE34BE34BD1
:107F4000E34BE34BE34BE34BE34BE34BE34BE34BC1
:107F5000E34BE34BE34BE34BE34BE34BE34BE34BB1
:107F6000E34BE34BE34BE34BE34BE34BE34BE34BA1
:107F7000E34BE34BE34BE34BE34BE34BE34BE34B91
:107F8000E34BE34BE34BE34BE34BE34BE34BE34B81
:107F9000E34BE34BE34BE34BE34BE34BE34BE34B71
:107FA000E34BE34BE34BE34BE34BE34BE34BE34B61
:107FB000E34BE34BE34BE34BE34BE34BE34BE34B51
:107FC000E34BE34BE34BE34BE34BE34BE34BE34B41
:107FD000E34BE34BE34BE34BE34BE34BE34BE34B31
:107FE000E34BE34BE34BE34BE34BE34BE34BE34B21
:107FF000E34BE34BE34BE34BE34BE34BE34BE34B11
:10800000E34BE34BE34BE34BE34BE34BE34BE34B00
:10801000E34BE34BE34BE34BE34BE34BE34BE34BF0
:10802000E34BE34BE34BE34BE34BE34BE34BE34BE0
:10803000E34BE34BE34BE34BE34BE34BE34BE34BD0
:10804000E34BE34BE34BE34BE34BE34BE34BE34BC0
:10805000E34BE34BE34BE34BE34BE34BE34BE34BB0
:10806000E34BE34BE34BE34BE34BE34BE34BE34BA0
:10807000E34BE34BE34BE34BE34BE34BE34BE34B90
:10808000E34BE34BE34BE34BE34BE34BE34BE34B80
:10809000E34BE34BE34BE34BE34BE34BE34B6243F9
:1080A0006243E34BE34BE34BE34BE34BE34BE34BE9
:1080B000E34BE34BE34BC34BE34BE34BE34BE34B70
:1080C000E34BE34BE34BE34BE34BE34BE34BE34B40
:1080D000E34BE34BE34BE34BE34BE34BE34BE34B30
:1080E000E34BE34BE34BE34BE34BE34BE34BE34B20
:1080F000E34BE34BE34BE34BE34BE34BE34BE34B10
:10810000E34BE34BE34BE34BE34BE34BE34BE34BFF
:10811000E34BC34B013B402A402A602A023BC34B3E
:10812000E34BC34BE34BE34BE34BE34B6243202A6C
:10813000C34BE34BE34BE34BE34BE34BE34BE34BEF
:10814000E34BE34BE34BE34BE34BE34BE34BE34BBF
:10815000E34BE34BE34BE34BE34BE34BE34BE34BAF
:10816000E34BE34BE34BE34BE34BE34BE34BE34B9F
:10817000E34BE34BE34BE34BE34BE34BE34BE34B8F
:10818000E34BE34BE34BE34BC34BC1326032402A3A
:10819000402A602A402A81328132C021A132C13274
:1081A000612A412A402A00228132C34BE34BE34B30
:1081B000E34BE34BE34BE34BE34BE34BE34BE34B4F
:1081C000E34BE34BE34BE34BE34B223B8132223B5C
:1081D000E34BE34BE34BE34BE34BE34BE34BC34B4F
:1081E000223BE34BE34BE34BE34BE34BE34BE34BF0
:1081F000E34BE34BE34BE34BE34BE34BE34BE34B0F
:10820000E13AE45AA7628552A03A402A202AE021A6
:10821000A0218019E021202A402A402A402A002259
:108220000022212A023BE34BE34BE34BE34BE34BBE
:10823000E34BE34BE34BE34BE34BE34BE34BC34BEE
:10824000A132402A402A402A402A4243E23AC2321E
:10825000A343E23A023B602A212AC34BE34BE34BA0
:10826000E34BE34BE34BE34BE34BE34BE34BE34B9E
:10827000E34BE34BE34BA34B6232CE9AEBA2AE9AB5
:10828000C021A021A02180198019A021002A6552B7
:10829000623A402A402A0022202A00220022E23AA2
:1082A000E23A4243212AE0218132612A023B8343A0
:1082B000E34BE34BE34BE13AC45A855280326032E0
:1082C000202AE021A019A021402A402A402A202A61
:1082D00000222022023BE34BE34BE34BE34BE34B17
:1082E000E34BE34BE34BE34BE34B6243013BE13AAC
:1082F000623AEE9ACEA267628019801980198019BD
:10830000C0210022CA7A51BBCC8AA6626132002207
:10831000202A20220022E021E0210022E021E02189
:10832000E0210022C0210022E34BE34B8243454A77
:10833000EEA2CD9A033AA021C0218019A019E02114
:1083400044426342402A402A002200220022A132F5
:10835000023B223B212A212AC132C23282434243BC
:10836000C13260328032A0326032402A212A202A73
:10837000C021C021A019A019C021A0216552F0AAD6
:10838000EEA272BBC86AE021002200220022A019DE
:10839000A0190022202A0022402A012A00220022BD
:1083A0004243E13AA1328552AC8A696AC021A019E0
:1083B000A019A019E021444251B3ED9AC97241328B
:1083C0000022202A0022E021E0210022E021E021F9
:1083D000E021E021002200220022002240328032EF
:1083E0008032402A402A0022C021A0198019801919
:1083F000A0212022AA7ACFA248ABCFA28972C021A5
:10840000E021E021E0218019A019A021202A202AC2
:10841000A86AEFA2012AE021402A803AA03A8032DD
:10842000402A202AC021C0218019A019A019012AA0
:10843000EFA20CAB31B3665AE02100220022A0214A
:108440008019E021202A0022A662012A0022E021D0
:10845000C021A019A021C021C021E0210022C021FB
:108460008019002A803AA03A602A202A444A6B7A6E
:10847000CFA26972012AE021A0218019A019A019B8
:10848000C021E021A019212AEFA2CDA2AB82A01920
:10849000C0210022202A002200220022A021C02187
:1084A000002A202A202A433AF0AA0CABAD92433A84
:1084B000C021C021A021A019A021C0210022434237
:1084C00010AB8A72C021A021C231C229E339C02178
:1084D000C0210022C021A021A019C021002A803281
:1084E000402A202A202AA0210232A129E021A01915
:1084F0008019801980198019C021C0218019E021BC
:10850000875A8C8A6972A019A121A121A021C021BA
:10851000E021A0218019E0216032A03A402A402ABF
:10852000C1214652C339C021A019A0198019801950
:10853000C021C021A019454ACC92CD92E021E02172
:10854000ED92CD9210AB4652002200220022002272
:10855000E021C021A019E02100220022E021002A10
:108560008032402A402A0022C021801980198019B7
:10857000A01980198019A019E021E021E021E02153
:10858000CD920FA3233A002200220022E021E02115
:10859000C02100220022002200224032202A202A6C
:1085A000E021A02180198019A019A0198019E021CB
:1085B000C021E1290022402AE97AAE9A29ABAD8A8E
:1085C000202A0022202A202A0022C021A019A0212E
:1085D000A019A0198019002A402A202A0022C021AF
:1085E000E021202AE021E021C021C021C021C021BA
:1085F0008019C02100220022CFA22AAB8A72202A31
:10860000202A202A202AE021A021C021A019801997
:10861000C021202A402A0022C021202A0022E02155
:10862000E021E021C021C021A1214552002A803251
:10863000A662AB82EDA2265200220022202A8032BE
:108640006032202A402A402A402A202AA021A0194C
:108650000022402A002200220022202A402A402A0A
:10866000402A402A402AE021E02100220022002264
:1086700088628B820232002AE02160326032402A16
:10868000402A402A402A002AA021202A402A0022EB
:1086900000220022402A402A402A402A202A24423E
:1086A000886ACFA22442C021C021E021012A803A59
:1086B000002A8019002A202A202A6032402A402AD3
:1086C000402AA03A402A202A6032402AE021002293
:1086D000E021002260328032402A402A202A0022F3
:1086E000202A402A202A0022C02100224032A0193C
:1086F000A019C02100226032402A402A8032402A3C
:10870000402A602A202AE021E0210022402AA03AC3
:10871000602A402A423A72BBCFA2CFA20652002A58
:10872000A021C021A021A021801980198019A019A1
:1087300000226032402A202A202A202A0022803269
:10874000202A0022C021A0190022E021A03A803274
:108750008032402A00220022202A202AE021A02163
:1087600080198019A019A01980198019E021402AC8
:10877000002200220022E021602A00220022A0190B
:10878000C021C0214032402A6032402A0022A76224
:108790008972696A212A402AE02180198019C02142
:1087A000C021A0218019A021E021202A002200223E
:1087B000E021E0210022402A0022E021A019A01996
:1087C000A021C021202A202A402A202A002200227B
:1087D0000022202AE021C021402A0022202A402A0B
:1087E000A0218019A021E0210232AA7AE231C12120
:1087F000E021E021A021801980198019C0210022E8
:1088000000220022E021E021E0218032803280320B
:1088100080328032002A002A402A002280198019E2
:10882000A021E02102320D936862C331A021E02132
:10883000C021A0198019801980198019C021002237
:1088400000220022E021C021C0210022C021801985
:10885000202AC021202A202AA0218019A019A02185
:10886000665231B3EFA2AB82A02180198019801922
:10887000801980198019C021E021233AE339A01919
:10888000202A202A402A40326032202AC021002A91
:10889000402AE02180198019A019A021233A72BB37
:1088A000CFA251B32442A0198019801980198019D0
:1088B00080198019A019C021E021212A254A801998
:1088C000A019A019A02180190022202A8032E021BD
:1088D000402A202AC021C33110ABEEA2ECA2ED92B7
:1088E000202A402A0022C021A01980198019A02125
:1088F0008862F0A28D8AA121C021A0218019E021E7
:1089000000220022E021A03A00220022202A002298
:10891000A021C3310FA3F0AA0AABF0AA8762202AD4
:10892000202A0022C021A019801980198019C02195
:10893000A76231B331B3C23180198019801980190F
:10894000A02160328032403280326032803A801919
:10895000675AAB822862033A602A80324032C021D3
:1089600080198019801980192652AB928E9AE339AA
:10897000A0196019A019202A8032A021A03A8032C3
:10898000402A8032402A8032002AA021AB82F0AAFD
:10899000AC928B7A433A803280326032E021801987
:1089A0008019801980198019696AAD9ACFA26972FD
:1089B000C021C021A019801980190022E021C02106
:1089C00080320022A03AC021A021A021E021603203
:1089D00060326032E021C021A0198019E021E0213D
:1089E000C121275A0862C021C02180198019A02105
:1089F000E02180190022803AC0218032603260324A
:108A0000C03A8019E021E129C121202A00228032C8
:108A100060320022C021A021A0198019A019A0193C
:108A20002232CC92CFA2665A202A202A0022E021AC
:108A30008019A0198019A0190022E021E021C0218D
:108A40008019A019C021E021E021E021A021801996
:108A50008019A01900220022E021801980196019D4
:108A60006019401960198019A0198019C021A01936
:108A7000A021202A202AE021803AC02180198019D3
:108A8000C021002A202A6032202AE021A02180195A
:108A90008019E021402A202AC021E22904428019BD
:108AA0000022002A0022202AE121A019A019801901
:108AB000C021C02180198019801980198019A0193E
:108AC000C0218019A019801980198019A021A0192E
:108AD000A02180198019401920112011201140195E
:108AE00080198019801980198019C0210022C021A5
:108AF000A021A01980198019A019C021C021C0216E
:108B0000A021A01980198019A019C021E0210022FC
:108B1000E021801980198019A021A021E021A02145
:108B200083434243E23AA232012280198019A019FC
:108B3000A0198019801980198019212A8232412AAE
:108B4000412A412AA0218019801980198019A02169
:108B5000C121A019412AA232012AC121A0198019DC
:108B60008019A019E02180198019801980198019B5
:108B700080198019A019A0218019A019A0198019A5
:108B80008019A019A019A019A02180198019801995
:108B900080198019801980195E9F5E9F5E9F5E9F7D
:108BA0005E9F5E9F5E9F5E9F5E9F5E9F5E9F5E9FDD
:108BB0005E9F5E9F5E9F5E9F5E9F5E9F5E9F5E9FCD
:108BC0005E9F5E9F5E9F5E9F5E9F5E9F5E9F5E9FBD
:108BD0005E9F5E9F5E9F5E9F5E9F5E9F5E9F5E9FAD
:108BE0005E9F5E9F5E9F5E9F5E9F5E9F5E9F5E9F9D
:108BF0005E9F5E9F5E9F5E9F5E9F5E9F5E9F5E9F8D
:108C00005E9F5E9F5E9F5E9F5E9F5E9F5E9F5E9F7C
:108C10005E9F5E9F5E9F5E9F5E9F5E9F5E9F5E9F6C
:108C20005E9F5E9F5E9F5E9F5E9F5E9F5E9F5E9F5C
:108C30005E9F5E9F5E9F5E9F5E9F5E9F5E9F5E9F4C
:108C40005E9F5E9F5E9F5E9F5E9F5E9F5E9F5E9F3C
:108C50005E9F5E9F5E9F5E9F5E9F5E9F5E9F5E9F2C
:108C60005E9F5E9F5E9F5E9F5E9F5E9F5E9F5E9F1C
:108C70005E9F5E9F5E9F5E9F5E9F5E9F5E9F5E9F0C
:108C80005E9F5E9F5E9F5E9F5E9F5E9F5E9F5E9FFC
:108C90005E9F5E9F5E9F5E9F5E9F5E9F5E9F5E9FEC
:108CA0005E9F5E9F5E9F5E9F5E9F5E9F5E9F5E9FDC
:108CB0005E9F5E9F5E9F5E9F5E9F5E9F5E9F5E9FCC
:108CC0005E9F5E9F5E9F5E9F5E9F5E9F5E9F5E9FBC
:108CD0005E9F5E9F5E9F5E9F5E9F5E9F5E9F5E9FAC
:108CE0005E9F5E9F5E9F5E9F5E9F5E9F5E9F5E9F9C
:108CF0005E9F5E9F5E9F5E9F5E9F5E9F5E9F5E9F8C
:108D00005E9F5E9F5E9F5E9F5E9F5E9F5E9F5E9F7B
:108D10005E9F5E9F5E9F5E9F5E9F5E9F5E9F5E9F6B
:108D20005E9F5E9F5E9F5E9F5E9F5E9F5E9F5E9F5B
:108D30005E9F5E9F5E9F5E9F5E9F5E9F5E9F5E9F4B
:108D40005E9F5E9F5E9F5E9F5E9F5E9F5E9F5E9F3B
:108D50005E9F5E9F5E9F5E9F5E9F5E9F5E9F5E9F2B
:108D60005E9F5E9F5E9F5E9F5E9F5E9F5E9F5E9F1B
:108D70005E9F5E9F5E9F5E9F5E9F5E9F5E9F5E9F0B
:108D80005E9F5E9F5E9F5E9F5E9F5E9F5E9F5E9FFB
:108D90005E9F5E9F5E9F5E9F5E9F5E9F5E9F5E9FEB
:108DA0005E9F5E9F5E9F5E9F5E9F5E9F5E9F5E9FDB
:108DB0005E9F5E9F5E9F5E9F5E9F5E9F5E9F5E9FCB
:108DC0005E9F5E9F5E9F5E9F5E9F5E9F5E9F5E9FBB
:108DD0005E9F5E9F5E9F5E9F5E9F5E9F5E9F5E9FAB
:108DE0005E9F5E9F5E9F5E9F5E9F5E9F5E9F5E9F9B
:108DF0005E9F5E9F5E9F5E9F5E9F5E9F5E9F5E9F8B
:108E00005E9F5E9F5E9F5E9F5E9F5E9F5E9F5E9F7A
:108E10005E9F5E9F5E9F5E9F5E9F5E9F5E9F5E9F6A
:108E20005E9F5E9F5E9F5E9F5E9F5E9F5E9F5E9F5A
:108E30005E9F5E9F5E9F5E9F5E9F5E9F5E9F5E9F4A
:108E40005E9F5E9F5E9F5E9F5E9F5E9F5E9F5E9F3A
:108E50005E9F5E9F5E9F5E9F5E9F5E9F5E9F5E9F2A
:108E60005E9F5E9F5E9F5E9F5E9F5E9F5E9F5E9F1A
:108E70005E9F5E9F5E9F5E9F5E9F5E9F5E9F5E9F0A
:108E80005E9F5E9F5E9F5E9F5E9F5E9F5E9F5E9FFA
:108E90005E9F5E9F5E9F5E9F5E9F5E9F5E9F5E9FEA
:108EA0005E9F5E9F5E9F5E9F5E9F5E9F5E9F5E9FDA
:108EB0005E9F5E9F5E9F5E9F5E9F5E9F5E9F5E9FCA
:108EC0005E9F5E9F5E9F5E9F5E9F5E9F5E9F5E9FBA
:108ED0005E9F5E9F5E9F5E9F5E9F5E9F5E9F5E9FAA
:108EE0005E9F5E9F5E9F5E9F5E9F5E9F5E9F5E9F9A
:108EF0005E9F5E9F5E9F5E9F5E9F5E9F5E9F5E9F8A
:108F00005E9F5E9F5E9F5E9F5E9F5E9F5E9F5E9F79
:108F10005E9F5E9F5E9F5E9F5E9F5E9F5E9F5E9F69
:108F20005E9F5E9F5E9F5E9F5E9F5E9F5E9F5E9F59
:108F30005E9F5E9F5E9F5E9F5E9F5E9F5E9F5E9F49
:108F40005E9F5E9F5E9F5E9F5E9F5E9F5E9F5E9F39
:108F50005E9F5E9F5E9F5E9F5E9F5E9F5E9F5E9F29
:108F60005E9F5E9F5E9F5E9F5E9F5E9F5E9F5E9F19
:108F70005E9F5E9F5E9F5E9F5E9F5E9F5E9F5E9F09
:108F80005E9F5E9F5E9F5E9F5E9F5E9F5E9F5E9FF9
:108F90005E9F5E9F5E9F5E9F5E9F5E9F1D9F5AA627
:108FA0005AA65AA65AA65AA65AA65AA65AA6FD9E26
:108FB0005E9F5E9F5E9F5E9F5E9F5E9F5E9F5E9FC9
:108FC0005E9F5E9F5E9F5E9F5E9F5E9F5E9F5E9FB9
:108FD0005E9F5E9F5E9F5E9F5E9F5E9F5E9F5E9FA9
:108FE0005E9F5E9F5E9F5E9F5E9F5E9F5E9F5E9F99
:108FF0005E9F5E9F5E9F5E9F5E9F5E9F5E9F5E9F89
:109000005E9F5E9F5E9F5E9F5E9F5E9F5E9F5E9F78
:109010005E9F5E9F5E9F5E9F5E9F5E9F5E9F5E9F68
:109020005E9F5E9F5E9F5E9F5E9F5E9F5E9F5E9F58
:109030005E9F5E9F5E9F5E9F5E9F5E9F5E9F5E9F48
:109040005E9F5E9F5E9F5E9F5E9F5E9F5E9F5E9F38
:109050005E9F5E9F5E9F5E9F5E9F5E9F5E9F5E9F28
:109060005E9F5E9F5E9F5E9F5E9F5E9F5E9F5E9F18
:109070005E9F5E9F5E9F5E9F5E9F5E9F5E9F5E9F08
:109080005E9F5E9F5E9F5E9F5E9F5E9F5E9F5E9FF8
:109090005E9F5E9F5E9F5E9F5E9F5E9F5E9F5E9FE8
:1090A0005E9F5E9F5E9F5E9F5E9F5E9F5E9F5E9FD8
:1090B0005E9F5E9F5E9F5E9F5E9F5E9F5E9F5E9FC8
:1090C0005E9F5E9F5E9F5E9F5E9F5E9F5E9F5E9FB8
:1090D0005E9F5E9F5E9F5E9F5E9F5E9F5E9F5E9FA8
:1090E0005E9F5E9F5E9F5E9F5E9F5E9F5E9F5E9F98
:1090F0005E9F5E9F5E9F5E9F5E9F5E9F5E9F5E9F88
:109100005E9F5E9F5E9F5E9F5E9F5E9F5E9F5E9F77
:109110005E9F5E9F5E9F5E9F5E9F5E9F5E9F5E9F67
:109120005E9F5E9F5E9F5E9F5E9FD4B461E800F08D
:1091300000F000F000F000F000F000F000F0D0C30C
:109140005E9F5E9F5E9F5E9F5E9F5E9F5E9F5E9F37
:109150005E9F5E9F5E9F5E9F5E9F5E9F5E9F5E9F27
:109160005E9F5E9F5E9F5E9F5E9F5E9F5E9F5E9F17
:109170005E9F5E9F5E9F5E9F5E9F5E9F5E9F5E9F07
:109180005E9F5E9F5E9F5E9F5E9F5E9F5E9F5E9FF7
:109190005E9F5E9F5E9F5E9F5E9F5E9F5E9F5E9FE7
:1091A0005E9F5E9F5E9F5E9F5E9F5E9F5E9F5E9FD7
:1091B0005E9F5E9F5E9F5E9F5E9F5E9F5E9F5E9FC7
:1091C0005E9F5E9F5E9F5E9F5E9F5E9F5E9F5E9FB7
:1091D0005E9F5E9F5E9F5E9F5E9F5E9F5E9F5E9FA7
:1091E0005E9F5E9F5E9F5E9F5E9F5E9F5E9F5E9F97
:1091F0005E9F5E9F5E9F5E9F5E9F5E9F5E9F5E9F87
:109200005E9F5E9F5E9F5E9F5E9F5E9F5E9F5E9F76
:109210005E9F5E9F5E9F5E9F5E9F5E9F5E9F5E9F66
:109220005E9F5E9F5E9F5E9F5E9F5E9F5E9F5E9F56
:109230005E9F5E9F5E9F5E9F5E9F5E9F5E9F5E9F46
:109240005E9F5E9F5E9F5E9F5E9F5E9F5E9F5E9F36
:109250005E9F5E9F5E9F5E9F5E9F5E9F5E9F5E9F26
:109260005E9F5E9F5E9F5E9F5E9F5E9F5E9F5E9F16
:109270005E9F5E9F5E9F5E9F5E9F5E9F5E9F5E9F06
:109280005E9F5E9F5E9F5E9F5E9F5E9F5E9F5E9FF6
:109290005E9F5E9F5E9F5E9F5E9F5E9F5E9F5E9FE6
:1092A0005E9F5E9F5E9F5E9F5E9F5E9F5E9F5E9FD6
:1092B0005E9F5E9F5E9F5E9FBCA661E800F000F02F
:1092C00000F000F000F000F000F000F000F0C7D96E
:1092D0005E9F5E9F5E9F5E9F5E9F5E9F5E9F5E9FA6
:1092E0005E9F5E9F5E9F5E9F5E9F5E9F5E9F5E9F96
:1092F0005E9F5E9F5E9F5E9F5E9F5E9F5E9F5E9F86
:109300005E9F5E9F5E9F5E9F5E9F5E9F5E9F5E9F75
:109310005E9F3E9F3E9F3E9F3E9F3E9F3E9F5E9F25
:109320005E9F5E9F5E9F5E9F5E9F5E9F5E9F3E9F75
:109330005E9F5E9F5E9F5E9F5E9F5E9F5E9F5E9F45
:109340005E9F5E9F5E9F5E9F5E9F5E9F5E9F5E9F35
:109350005E9F5E9F5E9F5E9F5E9F5E9F5E9F5E9F25
:109360005E9F5E9F5E9F5E9F5E9F5E9F5E9F5E9F15
:109370005E9F5E9F5E9F5E9F5E9F5E9F5E9F5E9F05
:109380005E9F5E9F5E9F5E9F5E9F5E9F5E9F5E9FF5
:109390005E9F5E9F5E9F5E9F5E9F5E9F5E9F5E9FE5
:1093A0005E9F5E9F5E9F5E9F5E9F5E9F5E9F5E9FD5
:1093B0005E9F5E9F5E9F5E9F5E9F5E9F5E9F5E9FC5
:1093C0005E9F5E9F5E9F5E9F5E9F5E9F5E9F5E9FB5
:1093D0005E9F5E9F5E9F5E9F5E9F5E9F5E9F5E9FA5
:1093E0005E9F5E9F5E9F5E9F5E9F5E9F5E9F5E9F95
:1093F0005E9F5E9F5E9F5E9F5E9F5E9F5E9F5E9F85
:109400005E9F5E9F5E9F5E9F5E9F5E9F5E9F5E9F74
:109410005E9F5E9F5E9F5E9F5E9F5E9F5E9F5E9F64
:109420005E9F5E9F5E9F5E9F5E9F5E9F5E9F5E9F54
:109430005E9F5E9F5E9F5E9F5E9F5E9F5E9F5E9F44
:109440005E9F5E9F5E9F5E9F77B500F000F000C854
:109450000098009800980098009800E000F000F054
:10946000FD9E5E9F5E9F5E9F5E9F5E9F5E9F5E9F76
:109470005E9F5E9F5E9F5E9F5E9F5E9F5E9F5E9F04
:109480005E9F5E9F5E9F5E9F5E9F5E9F5E9F5E9FF4
:109490005E9F5E9F5E9F5E9F5E9F3E9F3E9FDD96AE
:1094A0005C86DA7D3875B864B864396DFB7DBD8E35
:1094B0003E9F3E9F3E9F5E9F5E9F5E9FFE8E9D7E77
:1094C0003E9F5E9F5E9F5E9F5E9F5E9F5E9F5E9FD4
:1094D0005E9F5E9F5E9F5E9F5E9F5E9F5E9F5E9FA4
:1094E0005E9F5E9F5E9F5E9F5E9F5E9F5E9F5E9F94
:1094F0005E9F5E9F5E9F5E9F5E9F5E9F5E9F5E9F84
:109500005E9F5E9F5E9F5E9F5E9F5E9F5E9F5E9F73
:109510005E9F5E9F5E9F5E9F5E9F5E9F5E9F5E9F63
:109520005E9F5E9F5E9F5E9F5E9F5E9F5E9F5E9F53
:109530005E9F5E9F5E9F5E9F5E9F5E9F5E9F5E9F43
:109540005E9F5E9F5E9F5E9F5E9F5E9F5E9F5E9F33
:109550005E9F5E9F5E9F5E9F5E9F5E9F5E9F5E9F23
:109560005E9F5E9F5E9F5E9F5E9F5E9F5E9F5E9F13
:109570005E9F5E9F5E9F5E9F5E9F5E9F5E9F5E9F03
:109580005E9F5E9F5E9F5E9F5E9F5E9F5E9F5E9FF3
:109590005E9F5E9F5E9F5E9F5E9F5E9F5E9F5E9FE3
:1095A0005E9F5E9F5E9F5E9F5E9F5E9F5E9F5E9FD3
:1095B0005E9F5E9F5E9F5E9F5E9F5E9F5E9F5E9FC3
:1095C0005E9F5E9F5E9F5E9F5E9F5E9F5E9F5E9FB3
:1095D0005E9F5E9F5E9F5E9FF9AD00F000F000B859
:1095E00000000000000000000000009000F000F00B
:1095F00052BC5E9F5E9F5E9F5E9F5E9F5E9F5E9F72
:109600005E9F5E9F5E9F5E9F5E9F5E9F5E9F5E9F72
:109610005E9F5E9F5E9F5E9F5E9F5E9F5E9F5E9F62
:109620005E9F5E9F5E9F3E9FFD9659751543752117
:10963000D610B9319A739C8CDC7B1A42B81036195B
:10964000F53A39751E973E9F5E9FFE8E3C769D9E35
:109650003C6E3E975E9F5E9F5E9F5E9F5E9F5E9F9D
:109660005E9F5E9F5E9F5E9F5E9F5E9F5E9F5E9F12
:109670005E9F5E9F5E9F5E9F5E9F5E9F5E9F5E9F02
:109680005E9F5E9F5E9F5E9F5E9F5E9F5E9F5E9FF2
:109690005E9F5E9F5E9F5E9F5E9F5E9F5E9F5E9FE2
:1096A0005E9F5E9F5E9F5E9F5E9F5E9F5E9F5E9FD2
:1096B0005E9F5E9F5E9F5E9F5E9F5E9F5E9F5E9FC2
:1096C0005E9F5E9F5E9F5E9F5E9F5E9F5E9F5E9FB2
:1096D0005E9F5E9F5E9F5E9F5E9F5E9F5E9F5E9FA2
:1096E0005E9F5E9F5E9F5E9F5E9F5E9F5E9F5E9F92
:1096F0005E9F5E9F5E9F5E9F5E9F5E9F5E9F5E9F82
:109700005E9F5E9F5E9F5E9F5E9F5E9F5E9F5E9F71
:109710005E9F5E9F5E9F5E9F5E9F5E9F5E9F5E9F61
:109720005E9F5E9F5E9F5E9F5E9F5E9F5E9F5E9F51
:109730005E9F5E9F5E9F5E9F5E9F5E9F5E9F5E9F41
:109740005E9F5E9F5E9F5E9F5E9F5E9F5E9F5E9F31
:109750005E9F5E9F5E9F5E9F5E9F5E9F5E9F5E9F21
:109760005E9F5E9F5E9F5E9F5E9F04E100F000F043
:1097700000200000000000000000003800F000F0B1
:1097800066E15E9F5E9F5E9F5E9F5E9F5E9F5E9FA7
:109790005E9F5E9F5E9F5E9F5E9F5E9F5E9F5E9FE1
:1097A0005E9F5E9F5E9F5E9F5E9F5E9F5E9F5E9FD1
:1097B0005E9F3E9F3E9FB7649463199D7DAD1E9D45
:1097C000BE73BE315D08BE101E429F943FC6BF737C
:1097D0009D105800D229BA7DFE8E5C7E7EE77EEF1A
:1097E0003EC73C6E3E975E9F5E9F5E9F5E9F5E9F04
:1097F0005E9F5E9F5E9F5E9F5E9F5E9F5E9F5E9F81
:109800005E9F5E9F5E9F5E9F5E9F5E9F5E9F5E9F70
:109810005E9F5E9F5E9F5E9F5E9F5E9F5E9F5E9F60
:109820005E9F5E9F5E9F5E9F5E9F5E9F5E9F5E9F50
:109830005E9F5E9F5E9F5E9F5E9F5E9F5E9F5E9F40
:109840005E9F5E9F5E9F5E9F5E9F5E9F5E9F5E9F30
:109850005E9F5E9F5E9F5E9F5E9F5E9F5E9F5E9F20
:109860005E9F5E9F5E9F5E9F5E9F5E9F5E9F5E9F10
:109870005E9F5E9F5E9F5E9F5E9F5E9F5E9F5E9F00
:109880005E9F5E9F5E9F5E9F5E9F5E9F5E9F5E9FF0
:109890005E9F5E9F5E9F5E9F5E9F5E9F5E9F5E9FE0
:1098A0005E9F5E9F5E9F5E9F5E9F5E9F5E9F5E9FD0
:1098B0005E9F5E9F5E9F5E9F5E9F5E9F5E9F5E9FC0
:1098C000BCA6D8ADD4B4D0C30CCBABD208DAC7D9C0
:1098D000C7D9C7D98BD2ABD2AFC3D4B49BA65E9F36
:1098E0007BA697ADB3BCAFC3CBD2ABD2C7D9C7D9D8
:1098F000C7D9E8D9ABD2ECCAD0C349D200F000F046
:1099000000780000000000000000000000C800F027
:1099100000F0D8ADECCA49DAB3BCFD9E5E9F5E9FF5
:109920005E9F5E9F5E9F5E9F5E9F5E9F5E9F5E9F4F
:109930005E9F5E9F5E9F5E9F5E9F5E9F5E9F5E9F3F
:109940003E9F3B865353FABDFFFFFFFFFFFFFFFF24
:10995000FFFFFFFF1FE73E845E293E00FE181FA5A4
:10996000DFDEBF525D0855111B7E9EEF5DE75DE7B0
:109970007DE73ECF5C6E3E975E9F5E9F5E9F5E9FE3
:109980005E9F5E9F5E9F5E9F5E9F5E9F5E9F5E9FEF
:109990005E9F5E9F5E9F5E9F5E9F5E9F5E9F5E9FDF
:1099A0005E9F5E9F5E9F5E9F5E9F5E9F5E9F5E9FCF
:1099B0005E9F5E9F5E9F5E9F5E9F5E9F5E9F5E9FBF
:1099C0005E9F5E9F5E9F5E9F5E9F5E9F5E9F5E9FAF
:1099D0005E9F5E9F5E9F5E9F5E9F5E9F5E9F5E9F9F
:1099E0005E9F5E9F5E9F5E9F5E9F5E9F5E9F5E9F8F
:1099F0005E9F5E9FBCA65AA6B7AD77B577B577B523
:109A000056B593BC93BC93BC93BCF0C3AFC3AFC378
:109A1000AFC3AFC3ABD2ABD2ABD2ABD2ECCAF0C305
:109A20004DCBABD2ABD2CBD2AFC3AFC352BC52BC87
:109A300032BCF4B477B5F5B493BC93BCF0C3AFC3F8
:109A4000AFC3ECCAABD2ABD2E8D9C7D9C7D9E3E828
:109A500020F000F000F000F000F000F000F000F066
:109A600000F000F000F000F000F000F000F04AD24A
:109A700000F000F000F000F000F000F000F000F066
:109A800000F000F000F000F000F000F000F000F056
:109A900000C800000000000000000000006000F0AE
:109AA00000F02DCBABD200F000F020F066E1C7D97A
:109AB000C7D9C7D929DA93BC5E9F5E9F5E9F5E9F20
:109AC0005E9F5E9F5E9F5E9F5E9F5E9F3E9F3E9FEE
:109AD000186DD4737EEFFFFFFFFFFFFFFFFFFFFF57
:109AE000FFFFFFFFFFFFFFFF9FF77F8CDF183E00A8
:109AF000BF523FE7FE849D7D5F867DA63DDF5DE72B
:109B00005DE77DE73EC75C6E3E975E9F5E9F5E9F12
:109B10005E9F5E9F5E9F5E9F5E9F5E9F5E9F5E9F5D
:109B20005E9F5E9F5E9F5E9F5E9F5E9F5E9F5E9F4D
:109B30005E9F5E9F5E9F5E9F5E9F5E9F5E9F5E9F3D
:109B40005E9F5E9F5E9F5E9F5E9F5E9F5E9F5E9F2D
:109B50005E9F5E9F5E9F5E9F5E9F5E9F5E9F5E9F1D
:109B60005E9F5E9F5E9F5E9F5E9F5E9F5E9F5E9F0D
:109B70005E9F5E9F5E9F5E9F5E9F5E9F5E9F5E9FFD
:109B80005E9F5E9F0CCB00F000F000F000F000F054
:109B900000F000F000F000F000F000F000F000F045
:109BA00000F000F000F000F000F000F000F000F035
:109BB00000F000F000F000F000F000F000F000F025
:109BC00000F000F000F000F000F000F000F000F015
:109BD00000F000F000F000F000F000F000F000F005
:109BE00000F000F000F000F000F000F000F000F0F5
:109BF00000F000F000F000F000F000F000F000F0E5
:109C000000F000F000F000F000F000F000F000F0D4
:109C100000F000F000F000F000F000F000F000F0C4
:109C200000F000300000000000000000001000F014
:109C300000F004E1ABD200F000F000F000F000F022
:109C400000F000F000F000F0D0C35E9F5E9F5E9FCA
:109C50005E9F5E9F5E9F5E9F5E9F5E9F3E9F365CA7
:109C60007684BFF7FFFFFFFFFFFFFFFFFFFFFFFF50
:109C7000FFFFFFFFFFFFFFFFFFFFFFFFDFDE7F4A6A
:109C80003F00FE3ABDA61EC73F3D1F357DA63DDF06
:109C90005DE75DE77DE73ECF3C6E3E975E9F5E9F52
:109CA0005E9F5E9F5E9F5E9F5E9F5E9F5E9F5E9FCC
:109CB0005E9F5E9F5E9F5E9F5E9F5E9F5E9F5E9FBC
:109CC0005E9F5E9F5E9F5E9F5E9F5E9F5E9F5E9FAC
:109CD0005E9F5E9F5E9F5E9F5E9F5E9F5E9F5E9F9C
:109CE0005E9F5E9F5E9F5E9F5E9F5E9F5E9F5E9F8C
:109CF0005E9F5E9F5E9F5E9F5E9F5E9F5E9F5E9F7C
:109D00005E9F5E9F5E9F5E9F5E9F5E9F5E9F5E9F6B
:109D10005E9F5E9FAFC300F000F000F000F000F027
:109D200000F000F000F000F000F000F000F000F0B3
:109D300000F000F000F000F000F000F000F000F0A3
:109D400000F000F000F000F000F000F000F000F093
:109D500000F000F000F000F000F000F000F000F083
:109D600000F000F000F000F000F000F000F000E87B
:109D700000E000E800F0005800380020001800184B
:109D800000180018002000300048008000D800F0C3
:109D900000F000F000D00050003000200018001843
:109DA00000180018002000380058009800E800F063
:109DB00000F000880000000000000000000000B873
:109DC00000F000F0E3E800F000F000D800E000E868
:109DD00000F000F000F000F061E81D9F5E9F5E9FC4
:109DE0005E9F5E9F5E9F5E9F5E9F3E9FD764B68430
:109DF000DFFFFFFFFFFFFFFFFFFFFFFFFFFFFFFF93
:109E0000FFFFFFFFFFFFFFFFFFFFFFFFFFFFBFF7AA
:109E10001E645D963F7E9DAEBDAE3F351F35BDB61F
:109E20003DDF5DE75DE77DE71EC75D763E9F5E9F98
:109E30005E9F5E9F5E9F5E9F5E9F5E9F5E9F5E9F3A
:109E40005E9F5E9F5E9F5E9F5E9F5E9F5E9F5E9F2A
:109E50005E9F5E9F5E9F5E9F5E9F5E9F5E9F5E9F1A
:109E60005E9F5E9F5E9F5E9F5E9F5E9F5E9F5E9F0A
:109E70005E9F5E9F5E9F5E9F5E9F5E9F5E9F5E9FFA
:109E80005E9F5E9F5E9F5E9F5E9F5E9F5E9F5E9FEA
:109E90005E9F5E9F5E9F5E9F5E9F5E9F5E9F5E9FDA
:109EA0005E9F5E9FAFC300F000F000A800880080B6
:109EB00000780070006800600060005800500048A2
:109EC00000400040003800300028002800B000F0BA
:109ED00000900028002800380040005000A000F04A
:109EE00000A00090008000780070006000580050D2
:109EF0000040003800300020001800100000000072
:109F00000000009000F000000000000000000000D1
:109F100000000000000000000000000000080090A9
:109F200000F000F000B80000000000000000000099
:109F3000000000000000000000000000001800B851
:109F400000F000D8000000000000000000000070D9
:109F500000F000F000F000F000D800080000000061
:109F60000000000800C800F000F0F9AD5E9F5E9FA1
:109F70005E9F5E9F5E9F5E9F3E9FDA7D1574BFDF92
:109F8000FFFFFFFFFFFFFFFFFFFFFFFFFFFFFFFFE1
:109F9000FFFFFFFFFFFFFFFFFFFFFFFFFFFFFDB61C
:109FA000BDA65E96FF243F3DBDAE7DA61F355F4D2D
:109FB000FCCE5DE75DE77DE77EEFBDA6BD7E3E9F03
:109FC0005E9F5E9F5E9F5E9F5E9F5E9F5E9F5E9FA9
:109FD0005E9F5E9F5E9F5E9F5E9F5E9F5E9F5E9F99
:109FE0005E9F5E9F5E9F5E9F5E9F5E9F5E9F5E9F89
:109FF0005E9F5E9F5E9F5E9F5E9F5E9F5E9F5E9F79
:10A000005E9F5E9F5E9F5E9F5E9F5E9F5E9F5E9F68
:10A010005E9F5E9F5E9F5E9F5E9F5E9F5E9F5E9F58
:10A020005E9F5E9F5E9F5E9F5E9F5E9F5E9F5E9F48
:10A030005E9F5E9FAFC300F000F00048000000008C
:10A040000000000000000000000000000000000010
:10A0500000000000000000000000000000A800F068
:10A06000007800000000000000000000007000D038
:10A0700000000000000000000000000000000000E0
:10A0800000000000000000000000000000000000D0
:10A090000000009000F00000000000000000000040
:10A0A00000000000000000000000000000000000B0
:10A0B00000B000F000B80000000000000000000048
:10A0C0000000000000000000000000000000001080
:10A0D00000D800F000380000000000000000002060
:10A0E00000F000F000F000F0007800000000000038
:10A0F0000000002800F000F025E15E9F5E9F5E9F5B
:10A100005E9F5E9F5E9F5E9F1E9773535ECFDFE7ED
:10A11000FFFFFFFFFFFFFFFFFFFFFFFFFFFFFFFF4F
:10A12000FFFFFFFFFFFFFFFFFFFFFFFFBDA6DDAE4D
:10A13000DDB69CA6DE6DFF2C5F45DCBE3D8EFF2CA0
:10A14000BE651CD75DE77EEF9EEF9FE7DC651E973F
:10A150003E9F5E9F5E9F5E9F5E9F5E9F5E9F5E9F37
:10A160005E9F5E9F5E9F5E9F5E9F5E9F5E9F5E9F07
:10A170005E9F5E9F5E9F5E9F5E9F5E9F5E9F5E9FF7
:10A180005E9F5E9F5E9F5E9F5E9F5E9F5E9F5E9FE7
:10A190005E9F5E9F5E9F5E9F5E9F5E9F5E9F5E9FD7
:10A1A0005E9F5E9F5E9F5E9F5E9F5E9F5E9F5E9FC7
:10A1B0005E9F5E9F5E9F5E9F5E9F5E9F5E9F5E9FB7
:10A1C0005E9F5E9FAFC300F000F0005000000000F3
:10A1D000000000000000000000000000000000007F
:10A1E00000000000000000000000000000B000F0CF
:10A1F000007000000000000000000000007000B0CF
:10A20000000000000000000000000000000000004E
:10A21000000000000000000000000000000000003E
:10A220000000009800F000000000000000000000A6
:10A23000000000000000000000000000000000001E
:10A24000004000F000B80000000000000000000026
:10A2500000000000000000000000000000000000FE
:10A26000007800F0009800000000000000000000EE
:10A2700000C800F000F000F000180000000000002E
:10A280000000008800F000F011C45E9F5E9F5E9F9A
:10A290005E9F5E9F5E9F3E9FB664999DDFD7DFDF26
:10A2A000FFFFFFFFFFFFFFFFFFFFFFFFFFFFFFFFBE
:10A2B000FFFFFFFFFFFFFFFFDFF77D961EC7BDAE6D
:10A2C0009CA69CA69CA6BE5DFF24BE65FCC6BE5D8A
:10A2D000FF2CDDBEBEF75ED77D8E5C76DD863E9FB1
:10A2E0005E9F5E9F5E9F5E9F5E9F5E9F5E9F5E9F86
:10A2F0005E9F5E9F5E9F5E9F5E9F5E9F5E9F5E9F76
:10A300005E9F5E9F5E9F5E9F5E9F5E9F5E9F5E9F65
:10A310005E9F5E9F5E9F5E9F5E9F5E9F5E9F5E9F55
:10A320005E9F5E9F5E9F5E9F5E9F5E9F5E9F5E9F45
:10A330005E9F5E9F5E9F5E9F5E9F5E9F5E9F5E9F35
:10A340005E9F5E9F5E9F5E9F5E9F5E9F5E9F5E9F25
:10A350005E9F5E9F52BC00F000F0005800000000BD
:10A3600000000000000000000000000000000000ED
:10A3700000000000000000000000000000B000F03D
:10A380000070000000000000000000000070009855
:10A3900000000000000000000000000000000000BD
:10A3A00000000000000000000000000000000000AD
:10A3B0000000009800F0000800000000000000000D
:10A3C000000000000000000000000000000000008D
:10A3D000000800F000C000000000000000000000C5
:10A3E000000000000000000000000000000000006D
:10A3F000004800F000E80008000000000000000035
:10A40000008000F000F000A8000000000000000044
:10A41000001000E000F000F0BCA65E9F5E9F5E9F13
:10A420005E9F5E9F5E9F3E9FB142BFD7DFD7DFD763
:10A43000FFF7FFFFFFFFFFFFFFFFFFFFFFFFFFFF34
:10A44000FFFFFFFFDFFF7EE77C8E3ECF9CA69CA632
:10A450009CA69CA69CA69CA65F451F2D9DA61ECFD4
:10A460001FBFDDAE5C7E9D7E3E975E9F3E9F5E9FE2
:10A470005E9F5E9F5E9F5E9F5E9F5E9F5E9F5E9FF4
:10A480005E9F5E9F5E9F5E9F5E9F5E9F5E9F5E9FE4
:10A490005E9F5E9F5E9F5E9F5E9F5E9F5E9F5E9FD4
:10A4A0005E9F5E9F5E9F5E9F5E9F5E9F5E9F5E9FC4
:10A4B0005E9F5E9F5E9F5E9F5E9F5E9F5E9F5E9FB4
:10A4C0005E9F5E9F5E9F5E9F5E9F5E9F5E9F5E9FA4
:10A4D0005E9F5E9F5E9F5E9F5E9F5E9F5E9F5E9F94
:10A4E0005E9F5E9F93BC00F000F0007000100010B3
:10A4F000001000100000000000000000000000003C
:10A5000000000000000800080008000000B800F08B
:10A5100000700000000000000000000000700088D3
:10A52000000000000000000000000000000000002B
:10A5300000000000000000000000001800800088FB
:10A5400000A000D800F0000800000000000000009B
:10A5500000000058008800400000000000000000DB
:10A56000000000E800C00000000000000000000043
:10A5700000000078008000200000000000000000C3
:10A58000003000F000F0004000000000000000007B
:10A59000003000F000F00038000000000000000073
:10A5A000007000F000F0ABD25E9F5E9F5E9F5E9FEA
:10A5B0005E9F5E9F3E9FDA7D767CDFD7DFD7DFD759
:10A5C000DFE7FFFFFFFFFFFFFFFFFFFFFFFFFFFFD3
:10A5D000FFFF1CE7EB5AA7298A42F9959CA69CA687
:10A5E0009CA69CA69CA6BCA6BDAE7F96DEAEBDA6D4
:10A5F000DDAEBAA5D86C3E973E9F5E9F5E9F5E9F84
:10A600005E9F5E9F5E9F5E9F5E9F5E9F5E9F5E9F62
:10A610005E9F5E9F5E9F5E9F5E9F5E9F5E9F5E9F52
:10A620005E9F5E9F5E9F5E9F5E9F5E9F5E9F5E9F42
:10A630005E9F5E9F5E9F5E9F5E9F5E9F5E9F5E9F32
:10A640005E9F5E9F5E9F5E9F5E9F5E9F5E9F5E9F22
:10A650005E9F5E9F5E9F5E9F5E9F5E9F5E9F5E9F12
:10A660005E9F5E9F5E9F5E9F5E9F5E9F5E9F5E9F02
:10A670005E9F5E9F93BC00F000F000F000F000F0E1
:10A6800000F000D8000000000000000000000050B2
:10A6900000F000F000F000F000F000E800F000F042
:10A6A000006800000000000000000000007000A82A
:10A6B000006000680070002800000000000000003A
:10A6C00000000000000000000000000000D800F0C2
:10A6D00000F000F000F000080000000000000000A2
:10A6E000000000A800F000F00020000000000000C2
:10A6F000000000E000C000000000000000000000BA
:10A70000000000E000F000D80000000000000000A1
:10A71000002800F000F000900000000000000000A1
:10A72000000000D000C80000000000000000000091
:10A7300000D000F000F0F9AD5E9F5E9F5E9F5E9FCF
:10A740005E9F5E9F3E9F355C9CBEDFD7DFD7DFD725
:10A75000DFD7FFEFFFFFFFFFFFFFFFFFFFFFFFFF61
:10A76000DFFFAB52317C3AAE8F63293ABDA69CA67F
:10A770009CA6BDAE1DC7DDAE9D9EFDB67EDFDFFF94
:10A78000FFFFFFFF3BC677643E9F5E9F5E9F5E9F1D
:10A790005E9F5E9F5E9F5E9F5E9F5E9F5E9F5E9FD1
:10A7A0005E9F5E9F5E9F5E9F5E9F5E9F5E9F5E9FC1
:10A7B0005E9F5E9F5E9F5E9F5E9F5E9F5E9F5E9FB1
:10A7C0005E9F5E9F5E9F5E9F5E9F5E9F5E9F5E9FA1
:10A7D0005E9F5E9F5E9F5E9F5E9F5E9F5E9F5E9F91
:10A7E0005E9F5E9F5E9F5E9F5E9F5E9F5E9F5E9F81
:10A7F0005E9F5E9F5E9F5E9F5E9F5E9F5E9F5E9F71
:10A800005E9F5E9FF5B400F000F000F000F000F0F5
:10A8100000F000E800000000000000000000005808
:10A8200000F000F000F000F000F000F000F000F0A8
:10A83000006800000000000000000000007000F050
:10A8400000F000F000F00038000000000000000000
:10A85000004800000000000000000000008800F038
:10A8600000F000F000F00010000000000000000008
:10A87000000000A000F000F0005000000000000008
:10A88000000000E000C00000000000000000000028
:10A89000000000E000F000F00018000000000000E0
:10A8A000002800F000F000D00000000000000000D0
:10A8B0000000008000580000000000000000005070
:10A8C00000F000F0C7D95E9F5E9F5E9F5E9F5E9F17
:10A8D0005E9F5E9F3E9F934B9ED7DFD7DFD7DFDF24
:10A8E000DFD7DFD7DFE7FFFFFFFFFFFFFFFFFFFF40
:10A8F000BCB64619DCBE9CA6F995E4107CA6FDBE4C
:10A900001DC7FC8DB8745ED7DFFFFFFFFFFFFFFFA1
:10A91000FFFFFFFFBFF738A5BA7D3E9F5E9F5E9F9A
:10A920005E9F5E9F5E9F5E9F5E9F5E9F5E9F5E9F3F
:10A930005E9F5E9F5E9F5E9F5E9F5E9F5E9F5E9F2F
:10A940005E9F5E9F5E9F5E9F5E9F5E9F5E9F5E9F1F
:10A950005E9F5E9F5E9F5E9F5E9F5E9F5E9F5E9F0F
:10A960005E9F5E9F5E9F5E9F5E9F5E9F5E9F5E9FFF
:10A970005E9F5E9F5E9F5E9F5E9F5E9F5E9F5E9FEF
:10A980005E9F5E9F5E9F5E9F5E9F5E9F5E9F5E9FDF
:10A990005E9F5E9FF8ADC7D9C7D9C7D9C7D961E84F
:10A9A00000F000F000000000000000000000006067
:10A9B00000F000F000F000F000F000F000F000F017
:10A9C000006800000000000000000000007000F0BF
:10A9D00000F000F000F0001800000000000000008F
:10A9E00000C000280000000000000000003000F05F
:10A9F00000F000F000F00010000000000000000077
:10AA0000000000A000F000F000580000000000006E
:10AA1000000000F000C00000000000000000000086
:10AA2000000000D800F000F000200000000000004E
:10AA3000004000F000F000F00020000000000000E6
:10AA4000000000180000000000000000000000C826
:10AA500000F000F0F5B45E9F5E9F5E9F5E9F5E9F7C
:10AA60005E9F5E9F3E9FB35BBFD7DFD7DFD7DFDF41
:10AA7000DFD7DFDFDFDFDFDFDFDFDFE7DFE7BD9649
:10AA8000BDAE293A93841A9EAF5BC9293D9E1B54E3
:10AA9000B911750894C4FFFFFFFFFFFFFFFFFFFF21
:10AAA000FFFF7BCE0D21F79CF5633E9F5E9F5E9F6F
:10AAB0005E9F5E9F5E9F5E9F5E9F5E9F5E9F5E9FAE
:10AAC0005E9F5E9F5E9F5E9F5E9F5E9F5E9F5E9F9E
:10AAD0005E9F5E9F5E9F5E9F5E9F5E9F5E9F5E9F8E
:10AAE0005E9F5E9F5E9F5E9F5E9F5E9F5E9F5E9F7E
:10AAF0005E9F5E9F5E9F5E9F5E9F5E9F5E9F5E9F6E
:10AB00005E9F5E9F5E9F5E9F5E9F5E9F5E9F5E9F5D
:10AB10005E9F5E9F5E9F5E9F5E9F5E9F5E9F5E9F4D
:10AB20005E9F5E9F5E9F5E9F5E9F5E9F5E9FC7D99A
:10AB300000F000F000100000000000000000001015
:10AB4000003000380038003800B800F000F000F0A5
:10AB5000006800000000000000000000007000F02D
:10AB600000F000F000E0000000000000000000081D
:10AB700000F000800000000000000000000000C89D
:10AB800000F000F000F000100000000000000000E5
:10AB90000000009800F000F0003800000000000005
:10ABA000003000F000C000000000000000000000C5
:10ABB000000000D000F000E80000000000000000ED
:10ABC000006800F000F000F00060000000000000ED
:10ABD000000000000000000000000000004800F03D
:10ABE00000F045E15E9F5E9F5E9F5E9F5E9F5E9F61
:10ABF0005E9F5E9F3E9FB45BBFD7DFD7DFD7BFD7D7
:10AC0000DBA538749663D76B7A953EC79D8EDDB60B
:10AC1000BCB6D99D293247198A089811BB001C007F
:10AC20001C005220B2ECFFFFFFFFFFFFFFFFFFFF02
:10AC3000FFFF38A52B00B1527684BD8E3E9F5E9FEC
:10AC40005E9F5E9F5E9F5E9F5E9F5E9F5E9F5E9F1C
:10AC50005E9F5E9F5E9F5E9F5E9F5E9F5E9F5E9F0C
:10AC60005E9F5E9F5E9F5E9F5E9F5E9F5E9F5E9FFC
:10AC70005E9F5E9F5E9F5E9F5E9F5E9F5E9F5E9FEC
:10AC80005E9F5E9F5E9F5E9F5E9F5E9F5E9F5E9FDC
:10AC90005E9F5E9F5E9F5E9F5E9F5E9F5E9F5E9FCC
:10ACA0005E9F5E9F5E9F5E9F5E9F5E9F5E9F5E9FBC
:10ACB0005E9F5E9F5E9F5E9F5E9F5E9F5E9F8AD24D
:10ACC00000F000F000200000000000000000000084
:10ACD000000000000000000000B000F000F000F0F4
:10ACE000006800000000000000000000007000F09C
:10ACF00000F000F000B0000000000000000000388C
:10AD000000F000D80000000000000000000000700B
:10AD100000F000F000F00010000000000000000053
:10AD20000000007000A800580000000000000000B3
:10AD3000007800F000C800000000000000000000E3
:10AD40000000009800A00038000000000000000093
:10AD500000B800F000F000F000B0000000000000BB
:10AD600000000000000000000000000000C000F033
:10AD700000F0F5B45E9F5E9F5E9F5E9F5E9F5E9F4C
:10AD80005E9F5E9F3E9FB45BBFD7DFD7DDBE943230
:10AD9000B90A7D039E037D03BA02F511176C1DCF1E
:10ADA0007CA67B5C191A9B001E001F001F001F0061
:10ADB0001F00532066F1BAFEFFFFFFFFFFFFFFFFFA
:10ADC000FFFF7BCEED18768CB1B3F57C3E9F3E9FA6
:10ADD0005E9F5E9F5E9F5E9F5E9F5E9F5E9F5E9F8B
:10ADE0005E9F5E9F5E9F5E9F5E9F5E9F5E9F5E9F7B
:10ADF0005E9F5E9F5E9F5E9F5E9F5E9F5E9F5E9F6B
:10AE00005E9F5E9F5E9F5E9F5E9F5E9F5E9F5E9F5A
:10AE10005E9F5E9F5E9F5E9F5E9F5E9F5E9F5E9F4A
:10AE20005E9F5E9F5E9F5E9F5E9F5E9F5E9F5E9F3A
:10AE30005E9F5E9F5E9F5E9F5E9F5E9F5E9F5E9F2A
:10AE40005E9F5E9F5E9F5E9F5E9F5E9F5E9FABD29A
:10AE500000F000F0003000000000000000000000E2
:10AE6000000000000000000000B800F000F000F05A
:10AE7000008000000000000000000000007000F0F2
:10AE800000F000F0008000000000000000000068FA
:10AE900000F000F00040000000000000000000187A
:10AEA00000F000F000F000100000000000000000C2
:10AEB000000000000000000000000000000000187A
:10AEC00000E800F000C800000000000000000000E2
:10AED000000000000000000000000000000000482A
:10AEE00000F000F000F000F000E8001000000000AA
:10AEF00000000000000000000000004000F000F032
:10AF000045E15E9F5E9F5E9F5E9F5E9F5E9F5E9F30
:10AF10005E9F5E9F3E9F93539ED75ECF742A9D0394
:10AF20001F045F04FF03FF03BF049F041A13D31918
:10AF3000D7001A001E001F001F001F001F001F0067
:10AF40001F00380863B882F8AAFA10FCB2FCF3FCC0
:10AF500014FDF3FC51F449FAE0C981CC0EA5DB9E47
:10AF60003E9F3E9F5E9F5E9F5E9F5E9F5E9F5E9F39
:10AF70005E9F5E9F5E9F5E9F5E9F5E9F5E9F5E9FE9
:10AF80005E9F5E9F5E9F5E9F5E9F5E9F5E9F5E9FD9
:10AF90005E9F5E9F5E9F5E9F5E9F5E9F5E9F5E9FC9
:10AFA0005E9F5E9F5E9F5E9F5E9F5E9F5E9F5E9FB9
:10AFB0005E9F5E9F5E9F5E9F5E9F5E9F5E9F5E9FA9
:10AFC0005E9F5E9F5E9F5E9F5E9F5E9F5E9F5E9F99
:10AFD0005E9F5E9F5E9F5E9F5E9F5E9F5E9F2DCB8E
:10AFE00000F000F000380000000000000000000049
:10AFF000000000000000000000C000F000F000F0C1
:10B00000008800000000000000000000006800F060
:10B0100000F000F000500000000000000000009868
:10B0200000F000F0009000000000000000000000B0
:10B0300000B000F000F00018000000000000000068
:10B04000000000000000000000000000001000B838
:10B0500000F000F000C80000000000000000000048
:10B06000000000000000000000000000002800D8E0
:10B0700000F000F025E100F000F0005800000000B2
:10B080000000000000000000000000B800F000F028
:10B09000B4BC5E9F5E9F5E9F5E9F5E9F5E9F5E9F55
:10B0A0005E9F5E9F3E9F155C9CB63995D902FF035B
:10B0B0007F041F05DF041F04BF041F05DF047E1487
:10B0C000972256001E001F001F001F001F001F00B8
:10B0D0001F001E006B5862E020F820F820F800F8EE
:10B0E00020F800F820F0C0CA20F6A0FE60F643D594
:10B0F0004FADBB9E3E9F5E9F5E9F5E9F5E9F5E9F2D
:10B100005E9F5E9F5E9F5E9F5E9F5E9F5E9F5E9F57
:10B110005E9F5E9F5E9F5E9F5E9F5E9F5E9F5E9F47
:10B120005E9F5E9F5E9F5E9F5E9F5E9F5E9F5E9F37
:10B130005E9F5E9F5E9F5E9F5E9F5E9F5E9F5E9F27
:10B140005E9F5E9F5E9F5E9F5E9F5E9F5E9F5E9F17
:10B150005E9F5E9F5E9F5E9F5E9F5E9F5E9F5E9F07
:10B160005E9F5E9F5E9F5E9F5E9F5E9F5E9FAFC382
:10B1700000F000F000400000000000000000004867
:10B18000009800A800B800C800E800F000F000F047
:10B19000008000000000000000000000006800F0D7
:10B1A00000F000F00020000000000000000000C0DF
:10B1B00000F000F000D800000000000000000000D7
:10B1C000005800F000F0001800000000000000002F
:10B1D00000000000000000000008005800D800F047
:10B1E00000F000F000D000000000000000000000AF
:10B1F00000000000000000000018007800E800F0E7
:10B2000000F0C7D997AD00F000F000B800000000D2
:10B210000000000000000000005000F000F004E119
:10B220003E9F5E9F5E9F5E9F5E9F5E9F5E9F5E9F56
:10B230005E9F5E9F3E9F1B861574D6639D035F04D1
:10B240001F04FF041F05FF045F04DF041F05FF0444
:10B25000BF0CFB2BF5101D001F001F001F001F005F
:10B260001F001F003908878083D082E062E841F028
:10B2700041E862D8E0CA40F680FEA0FE80FE80FE73
:10B2800020F6C5C4179E3E9F5E9F5E9F5E9F5E9F99
:10B290005E9F5E9F5E9F5E9F5E9F5E9F5E9F5E9FC6
:10B2A0005E9F5E9F5E9F5E9F5E9F5E9F5E9F5E9FB6
:10B2B0005E9F5E9F5E9F5E9F5E9F5E9F5E9F5E9FA6
:10B2C0005E9F5E9F5E9F5E9F5E9F5E9F5E9F5E9F96
:10B2D0005E9F5E9F5E9F5E9F5E9F5E9F5E9F5E9F86
:10B2E0005E9F5E9F5E9F5E9F5E9F5E9F5E9F5E9F76
:10B2F0005E9F5E9F5E9F5E9F5E9F5E9F5E9FAFC3F1
:10B3000000F000F00048000000000000000000789D
:10B3100000F000F000F000F000F000F000F000F0AD
:10B32000008000000000000000000000006000F04D
:10B3300000F000E0000000000000000000000068D5
:10B34000007000700070001000000000000000009D
:10B35000000800E000F000200000000000000000F5
:10B360000000008800B000C800F000F000F000F01D
:10B3700000F000F000D0000000000000000000001D
:10B38000001000A000B800D800F000F000F000F0BD
:10B3900066E19BA65E9F82E800F000D800000000F6
:10B3A000000000000000000000A800F000F0F5B46C
:10B3B0005E9F5E9F5E9F5E9F5E9F5E9F5E9F5E9FA5
:10B3C0005E9F5E9F5E9F3E9F913AB3421D043F0584
:10B3D000FF045F04FF041F05FF045F04BF041F0593
:10B3E0001F05BF04BE2C15221B001F001F001F00DD
:10B3F0001F001F001F0039088870A3D083D0A3D07E
:10B4000083D041C260ED00F680FE80FE80FE80FEAB
:10B4100080FE80FEA1CCF79D3E9F5E9F5E9F5E9F5B
:10B420005E9F5E9F5E9F5E9F5E9F5E9F5E9F5E9F34
:10B430005E9F5E9F5E9F5E9F5E9F5E9F5E9F5E9F24
:10B440005E9F5E9F5E9F5E9F5E9F5E9F5E9F5E9F14
:10B450005E9F5E9F5E9F5E9F5E9F5E9F5E9F5E9F04
:10B460005E9F5E9F5E9F5E9F5E9F5E9F5E9F5E9FF4
:10B470005E9F5E9F5E9F5E9F5E9F5E9F5E9F5E9FE4
:10B480005E9F5E9F5E9F5E9F5E9F5E9F5E9FAFC35F
:10B4900000F000F000480000000000000000007014
:10B4A00000F000F000F000F0C3E8A2E800F000F0C7
:10B4B000008000000000000000000000006000F0BC
:10B4C00000F000B0000000000000000000000000DC
:10B4D000000000000000000000000000000000006C
:10B4E0000000008000F000200000000000000000CC
:10B4F000000000C000F000F000F000F000F0E8D91B
:10B50000A2E800F000D800000000000000000000E9
:10B51000001000F000F000F000F000F000F0ECCAC5
:10B52000FD9E5E9F5E9FE3E800F000D800000000F3
:10B53000000000000000000000B000F000F05AA67B
:10B540005E9F5E9F5E9F5E9F5E9F5E9F5E9F5E9F13
:10B550005E9F5E9F5E9F3E9FDA7D8D085B031F05A9
:10B560003F05FF045F04FF041F05FF045F04BF04E1
:10B570001F05FF04DF04DF2415221D001F001F002C
:10B580001F001F001F001F001C004F30878885A868
:10B59000A5A800CCA0ED80ED20F680FE80FE80FE08
:10B5A00080FE80FEA0FE85BCBB9E3E9F5E9F5E9F90
:10B5B0005E9F5E9F5E9F5E9F5E9F5E9F5E9F5E9FA3
:10B5C0005E9F5E9F5E9F5E9F5E9F5E9F5E9F5E9F93
:10B5D0005E9F5E9F5E9F5E9F5E9F5E9F5E9F5E9F83
:10B5E0005E9F5E9F5E9F5E9F5E9F5E9F5E9F5E9F73
:10B5F0005E9F5E9F5E9F5E9F5E9F5E9F5E9F5E9F63
:10B600005E9F5E9F5E9F5E9F5E9F5E9F5E9F5E9F52
:10B610005E9F5E9F5E9F5E9F5E9F5E9F5E9FAFC3CD
:10B6200000F000F00050000000000000000000707A
:10B6300000F000F093BC5E9F5E9F77B500F000F0D5
:10B64000008000000000000000000000006800F022
:10B6500000F000800000000000000000000000007A
:10B6600000000000000000000000000000000000DA
:10B670000000001800F000200000000000000000A2
:10B68000000000B000F000F025E1CBD276B55E9F5F
:10B69000E3E800F000D80000000000000000000017
:10B6A000000000F000F000F086E16ECB19AE5E9F66
:10B6B0005E9F5E9F5E9FE3E800F000D80000000000
:10B6C000000000000000000000B000F000F09BA6A9
:10B6D0005E9F5E9F5E9F5E9F5E9F5E9F5E9F5E9F82
:10B6E0005E9F5E9F5E9F5E9F3E9F744BB4017F0492
:10B6F0003F053F05FF04BF041F051F051F05FF048D
:10B700001F051F051F05FF049C3457001F001F0065
:10B710001F001F001F001F001F001F001B00380814
:10B72000742060D4A0ED80ED80EDE0F540FE80FE59
:10B7300080FE80FE80FE00EE319D3E9F5E9F5E9FFC
:10B740005E9F5E9F5E9F5E9F5E9F5E9F5E9F5E9F11
:10B750005E9F5E9F5E9F5E9F5E9F5E9F5E9F5E9F01
:10B760005E9F5E9F5E9F5E9F5E9F5E9F5E9F5E9FF1
:10B770005E9F5E9F5E9F5E9F5E9F5E9F5E9F5E9FE1
:10B780005E9F5E9F5E9F5E9F5E9F5E9F5E9F5E9FD1
:10B790005E9F5E9F5E9F5E9F5E9F5E9F5E9F5E9FC1
:10B7A0005E9F5E9F5E9F5E9F5E9F5E9F5E9FAFC33C
:10B7B00000F000F0005800000000000000000070E1
:10B7C00000F000F093BC5E9F5E9F77B500F000F044
:10B7D000008000000000000000000000007800F081
:10B7E00000F0005000000000000000000000000019
:10B7F0000000000800100010000000000000000021
:10B800000000000000A80028000000000000000068
:10B81000000000A000F000F019AE5E9F5E9F5E9FEA
:10B82000E3E800F000D80000000000000000000085
:10B83000000000D800F0A2E85E9F5E9F5E9F5E9FC2
:10B840005E9F5E9F5E9FE3E800F000D8000000006E
:10B85000000000000000000000B800F000F05E9F53
:10B860005E9F5E9F5E9F5E9F5E9F5E9F5E9F5E9FF0
:10B870005E9F5E9F3E9F3E9F1D9795646B00D90221
:10B880009F043F053F051F051F051F051F051F05D9
:10B890001F051F051F051F051E2575001F001F0022
:10B8A0001F001F001F001F001F001F001F001F00A0
:10B8B0001D0863B3A0EDA0F5A0F5A0F5A0EDC0F5BF
:10B8C000E0F500F620F600F648AC1D9F5E9F5E9FF7
:10B8D0005E9F5E9F5E9F5E9F5E9F5E9F5E9F5E9F80
:10B8E0005E9F5E9F5E9F5E9F5E9F5E9F5E9F5E9F70
:10B8F0005E9F5E9F5E9F5E9F5E9F5E9F5E9F5E9F60
:10B900005E9F5E9F5E9F5E9F5E9F5E9F5E9F5E9F4F
:10B910005E9F5E9F5E9F5E9F5E9F5E9F5E9F5E9F3F
:10B920005E9F5E9F5E9F5E9F5E9F5E9F5E9F5E9F2F
:10B930005E9F5E9F5E9F5E9F5E9F5E9F5E9FAFC3AA
:10B9400000F000F000580000000000000000006857
:10B9500000F000F093BC5E9F5E9F77B500F000F0B2
:10B96000008000000000000000000000008000F0E7
:10B9700000F000200000000000000000007000F057
:10B9800000F000F000F000E80008000000000000F7
:10B990000000000000380028000000000000000047
:10B9A0000000009000F000F077B55E9F5E9F5E9F04
:10B9B000E3E800F000E000000000000000000000EC
:10B9C000000000C800F000F05E9F5E9F5E9F5E9FDB
:10B9D0005E9F5E9F5E9FE3E800F000E000000000D5
:10B9E000000000000000000000C000F000F05E9FBA
:10B9F0005E9F5E9F5E9F5E9F5E9F5E9F5E9F5E9F5F
:10BA00005E9F3E9FB875CC3AE510E929755C4E11F2
:10BA1000FA029F041F053F051F051F051F051F058F
:10BA20001F051F051F051F05DA0B37001F001F002C
:10BA30001F001F001F001F001F001F001F001E000F
:10BA40001A004D5100E520CC80BB80BB60BB80BBA1
:10BA5000A0BB41B387A3AE9C539D3E9F5E9F5E9F5C
:10BA60005E9F5E9F5E9F5E9F5E9F5E9F5E9F5E9FEE
:10BA70005E9F5E9F5E9F5E9F5E9F5E9F5E9F5E9FDE
:10BA80005E9F5E9F5E9F5E9F5E9F5E9F5E9F5E9FCE
:10BA90005E9F5E9F5E9F5E9F5E9F5E9F5E9F5E9FBE
:10BAA0005E9F5E9F5E9F5E9F5E9F5E9F5E9F5E9FAE
:10BAB0005E9F5E9F5E9F5E9F5E9F5E9F5E9F5E9F9E
:10BAC0005E9F5E9F5E9F5E9F5E9F5E9F5E9FAFC319
:10BAD00000F000F0005800000000000000000060CE
:10BAE00000F000F093BC5E9F5E9F77B500F000F021
:10BAF000008000000000000000000000008000F056
:10BB000000E80000000000000000000000A800F0B5
:10BB100000F000F000F000F000580000000000000D
:10BB200000000000000000200000000000000000F5
:10BB30000000008000F000F077B55E9F5E9F5E9F82
:10BB4000E3E800F000E80000000000000000000052
:10BB5000000000C000F000F05E9F5E9F5E9F5E9F51
:10BB60005E9F5E9F5E9FE3E800F000E00000000043
:10BB7000000000000000000000C000F000F05E9F28
:10BB80005E9F5E9F5E9F5E9F5E9F5E9F5E9F5E9FCD
:10BB90005E9F5E9F366D2A2A77753E971E97704B83
:10BBA0006C00B4011803590358031703F702D702B6
:10BBB000B60296027602F50193001E001F001F00D8
:10BBC0001F001F001F001F001F001D001A0019008A
:10BBD00018003708278200DD60ED60E500E581D4BC
:10BBE00088B4D59D1D9F3E9F5E9F5E9F5E9F5E9F1A
:10BBF0005E9F5E9F5E9F5E9F5E9F5E9F5E9F5E9F5D
:10BC00005E9F5E9F5E9F5E9F5E9F5E9F5E9F5E9F4C
:10BC10005E9F5E9F5E9F5E9F5E9F5E9F5E9F5E9F3C
:10BC20005E9F5E9F5E9F5E9F5E9F5E9F5E9F5E9F2C
:10BC30005E9F5E9F5E9F5E9F5E9F5E9F5E9F5E9F1C
:10BC40005E9F5E9F5E9F5E9F5E9F5E9F5E9F5E9F0C
:10BC50005E9F5E9F5E9F5E9F5E9F5E9F5E9F93BCAA
:10BC600000F000F000600000000000000000005044
:10BC700000F000F0AFC35E9F5E9F77B500F000F06C
:10BC800000880000000000000000000000280060A4
:10BC9000004000000000000000000000006000F014
:10BCA00000F041F000F000F000A8000000000000EB
:10BCB0000000000000000000000000000000000084
:10BCC0000000006800F000F0B3BC5E9F5E9F5E9FC6
:10BCD000E3E800F000E800000000000000000000C1
:10BCE000000000A800F000F07BA65E9F5E9F5E9FB4
:10BCF0005E9F5E9F5E9FE3E800F000E80038003042
:10BD0000002800200018001000D000F000F05E9F16
:10BD10005E9F5E9F5E9F5E9F5E9F5E9F5E9F5E9F3B
:10BD20005E9F5E9F1E971D973E9FFD960D430A2ABC
:10BD3000BA7D723252001600160016001600160068
:10BD40001600170017001700180019001B001D002F
:10BD50001D001D001C001A00190018001800180012
:10BD60001800150070219094EFA410A5739D599EA2
:10BD70001D9F3E9F5E9F5E9F5E9F5E9F5E9F5E9F3C
:10BD80005E9F5E9F5E9F5E9F5E9F5E9F5E9F5E9FCB
:10BD90005E9F5E9F5E9F5E9F5E9F5E9F5E9F5E9FBB
:10BDA0005E9F5E9F5E9F5E9F5E9F5E9F5E9F5E9FAB
:10BDB0005E9F5E9F5E9F5E9F5E9F5E9F5E9F5E9F9B
:10BDC0005E9F5E9F5E9F5E9F5E9F5E9F5E9F5E9F8B
:10BDD0005E9F5E9F5E9F5E9F5E9F5E9F5E9F5E9F7B
:10BDE0005E9F5E9F5E9F5E9F5E9F5E9F5E9F93BC19
:10BDF00000F000F0006800000000000000000040BB
:10BE000000F000F08ECB5E9F5E9F77B500F000F0F3
:10BE1000008800000000000000000000000000009A
:10BE2000000000000000000000000000001000F012
:10BE300000F0A7D982E800F000E800180000001820
:10BE40000040007000B00040000000100018002802
:10BE50000030007800F000F0D0C35E9F5E9F5E9FD0
:10BE600066E100F000F00008000000100018002853
:10BE7000003000A800F000F0B7AD5E9F5E9F5E9FAF
:10BE80005E9F5E9F5E9FE3E800F000F000F000F030
:10BE900000F000F000F000F000F000F025E15E9FFF
:10BEA0005E9F5E9F5E9F5E9F5E9F5E9F5E9F5E9FAA
:10BEB0005E9F5E9F5E9F3E9F5A8688214B32FD9615
:10BEC0003E9F3E9F7975F22154001700180018001C
:10BED00018001800180018001800180018001800A2
:10BEE0001800180018001800180018001700530058
:10BEF000F221B864FE965E9F5E9F5E9F3E9F3E9FCE
:10BF00005E9F5E9F5E9F5E9F5E9F5E9F5E9F5E9F49
:10BF10005E9F5E9F5E9F5E9F5E9F5E9F5E9F5E9F39
:10BF20005E9F5E9F5E9F5E9F5E9F5E9F5E9F5E9F29
:10BF30005E9F5E9F5E9F5E9F5E9F5E9F5E9F5E9F19
:10BF40005E9F5E9F5E9F5E9F5E9F5E9F5E9F5E9F09
:10BF50005E9F5E9F5E9F5E9F5E9F5E9F5E9F5E9FF9
:10BF60005E9F5E9F5E9F5E9F5E9F5E9F5E9F5E9FE9
:10BF70005E9F5E9F5E9F5E9F5E9F5E9F5E9F93BC87
:10BF800000F000F000600000000000000000003041
:10BF900000F000F0ABD25E9F5E9F77B500F000F03E
:10BFA0000080000000000000000000000000000011
:10BFB000000000000000000000000000001000F081
:10BFC00000F0C7D92DCB00F000F000D000E000F069
:10BFD00000F000F000F000F000F000F000F000F0E1
:10BFE00000F000F000F000F0AFC35E9F5E9F5E9F28
:10BFF000C7D900F000F000F000F000F000F000F011
:10C0000000F000F000F000F077B55E9F5E9F5E9F4D
:10C010005E9F5E9F5E9FD4B420F000F000F000F0C1
:10C0200000F000F000F000F000F000F011C45E9F9E
:10C030005E9F5E9F5E9F5E9F5E9F5E9F5E9F5E9F18
:10C040005E9F5E9F5E9F1E97ED3A4A32DD963E9F51
:10C050005E9F5E9F3E9F3E9FFB7D954B73199408AC
:10C060001500160017001700180018001800180017
:10C070001800170016003500D310132A16545B86DB
:10C080003E9F3E9F3E9F5E9F5E9F5E9F5E9F5E9F28
:10C090005E9F5E9F5E9F5E9F5E9F5E9F5E9F5E9FB8
:10C0A0005E9F5E9F5E9F5E9F5E9F5E9F5E9F5E9FA8
:10C0B0005E9F5E9F5E9F5E9F5E9F5E9F5E9F5E9F98
:10C0C0005E9F5E9F5E9F5E9F5E9F5E9F5E9F5E9F88
:10C0D0005E9F5E9F5E9F5E9F5E9F5E9F5E9F5E9F78
:10C0E0005E9F5E9F5E9F5E9F5E9F5E9F5E9F5E9F68
:10C0F0005E9F5E9F5E9F5E9F5E9F5E9F5E9F5E9F58
:10C100005E9F5E9F5E9F5E9F5E9F5E9F5E9F93BCF5
:10C1100000F000F00078000000000008002000504F
:10C1200000F000F0E8D95E9F5E9FB3BC00F000F025
:10C13000007000000000000000000000000000008F
:10C14000000000000000000000000000001000F0EF
:10C1500000F0C7D99BA682E800F000F000F000F0E4
:10C1600000F000F000F000F000F000F000F000F04F
:10C1700000F000F000F000F0AFC35E9F5E9F5E9F96
:10C18000C7D900F000F000F000F000F000F000F07F
:10C1900000F000F000F000F077B55E9F5E9F5E9FBC
:10C1A0005E9F5E9F5E9F5E9F3AA68ECBABD2ABD268
:10C1B000ABD28AD2C7D9C7D9ABD2F5B45E9F5E9F46
:10C1C0005E9F5E9F5E9F5E9F5E9F5E9F5E9F5E9F87
:10C1D0005E9F5E9F5E9F5E9F1D97DC965E9F5E9F4B
:10C1E0005E9F5E9F5E9F5E9F3E9F3E9FFD963B864D
:10C1F000F864D64BF43A542AF321B321B321D32166
:10C2000053323543375C79757C8E3E9F3E9F3E9F0F
:10C210005E9F5E9F5E9F5E9F5E9F5E9F5E9F5E9F36
:10C220005E9F5E9F5E9F5E9F5E9F5E9F5E9F5E9F26
:10C230005E9F5E9F5E9F5E9F5E9F5E9F5E9F5E9F16
:10C240005E9F5E9F5E9F5E9F5E9F5E9F5E9F5E9F06
:10C250005E9F5E9F5E9F5E9F5E9F5E9F5E9F5E9FF6
:10C260005E9F5E9F5E9F5E9F5E9F5E9F5E9F5E9FE6
:10C270005E9F5E9F5E9F5E9F5E9F5E9F5E9F5E9FD6
:10C280005E9F5E9F5E9F5E9F5E9F5E9F5E9F5E9FC6
:10C290005E9F5E9F5E9F5E9F5E9F5E9F5E9FF8AD0E
:10C2A00000F000F000F000F000F000F000F000F00E
:10C2B00000F000F0C7D95E9F5E9F6ECB00F000F0EB
:10C2C000005000000000000000000000000000001E
:10C2D000000000000000000000000000001800F056
:10C2E00000F0C7D95E9F97AD41E800F082E8E8D939
:10C2F0004AD2C7D9C7D9C7D9C7D9C7D9E8D9ABD2C4
:10C30000ABD2ABD2ABD2ABD2F5B45E9F5E9F5E9F99
:10C310002DCBC7D9C7D9C7D9C7D9C7D929DAABD285
:10C32000ABD2ABD2ABD2ABD219AE5E9F5E9F5E9F5B
:10C330005E9F5E9F5E9F5E9F5E9F5E9F5E9F5E9F15
:10C340005E9F5E9F5E9F5E9F5E9F5E9F5E9F5E9F05
:10C350005E9F5E9F5E9F5E9F5E9F5E9F5E9F5E9FF5
:10C360005E9F5E9F5E9F5E9F5E9F5E9F5E9F5E9FE5
:10C370005E9F5E9F5E9F5E9F5E9F5E9F5E9F5E9FD5
:10C380003E9F3E9F3E9F3E971E97FE961E971E978E
:10C390003E973E9F3E9F3E9F5E9F5E9F5E9F5E9F3D
:10C3A0005E9F5E9F5E9F5E9F5E9F5E9F5E9F5E9FA5
:10C3B0005E9F5E9F5E9F5E9F5E9F5E9F5E9F5E9F95
:10C3C0005E9F5E9F5E9F5E9F5E9F5E9F5E9F5E9F85
:10C3D0005E9F5E9F5E9F5E9F5E9F5E9F5E9F5E9F75
:10C3E0005E9F5E9F5E9F5E9F5E9F5E9F5E9F5E9F65
:10C3F0005E9F5E9F5E9F5E9F5E9F5E9F5E9F5E9F55
:10C400005E9F5E9F5E9F5E9F5E9F5E9F5E9F5E9F44
:10C410005E9F5E9F5E9F5E9F5E9F5E9F5E9F5E9F34
:10C420005E9F5E9F5E9F5E9F5E9F5E9F5E9F5E9F24
:10C4300008DA00F000F000F000F000F000F000F08A
:10C4400000F000F0C7D95E9F5E9F25E100F000F08C
:10C4500000E000E800F000F000E800D800D000C0E4
:10C4600000B800B800B800C000C000C800D000F09C
:10C4700000F0C7D95E9F5E9F3AA67BA65E9F5E9F37
:10C480005E9F5E9F5E9F5E9F5E9F5E9F5E9F5E9FC4
:10C490005E9F5E9F5E9F5E9F5E9F5E9F5E9F5E9FB4
:10C4A0005E9F5E9F5E9F5E9F5E9F5E9F5E9F5E9FA4
:10C4B0005E9F5E9F5E9F5E9F5E9F5E9F5E9F5E9F94
:10C4C0005E9F5E9F5E9F5E9F5E9F5E9F5E9F5E9F84
:10C4D0005E9F5E9F5E9F5E9F5E9F5E9F5E9F5E9F74
:10C4E0005E9F5E9F5E9F5E9F5E9F5E9F5E9F5E9F64
:10C4F0005E9F5E9F5E9F5E9F5E9F5E9F5E9F5E9F54
:10C500005E9F5E9F5E9F5E9F5E9F5E9F5E9F5E9F43
:10C510005E9F5E9F5E9F5E9F5E9F5E9F5E9F5E9F33
:10C520005E9F5E9F5E9F5E9F5E9F5E9F5E9F5E9F23
:10C530005E9F5E9F5E9F5E9F5E9F5E9F5E9F5E9F13
:10C540005E9F5E9F5E9F5E9F5E9F5E9F5E9F5E9F03
:10C550005E9F5E9F5E9F5E9F5E9F5E9F5E9F5E9FF3
:10C560005E9F5E9F5E9F5E9F5E9F5E9F5E9F5E9FE3
:10C570005E9F5E9F5E9F5E9F5E9F5E9F5E9F5E9FD3
:10C580005E9F5E9F5E9F5E9F5E9F5E9F5E9F5E9FC3
:10C590005E9F5E9F5E9F5E9F5E9F5E9F5E9F5E9FB3
:10C5A0005E9F5E9F5E9F5E9F5E9F5E9F5E9F5E9FA3
:10C5B0005E9F5E9F5E9F5E9F5E9F5E9F5E9F5E9F93
:10C5C0001D9FD0C3E8D925E1C7D9C7D908DA0CCB5C
:10C5D000D0C393BCF8AD5E9F5E9FB4BC00F000F08A
:10C5E00000F000F000F000F000F000F000F000F0CB
:10C5F00000F000F000F000F000F000F000F000F0BB
:10C6000000F0C7D95E9F5E9F5E9F5E9F5E9F5E9FAC
:10C610005E9F5E9F5E9F5E9F5E9F5E9F5E9F5E9F32
:10C620005E9F5E9F5E9F5E9F5E9F5E9F5E9F5E9F22
:10C630005E9F5E9F5E9F5E9F5E9F5E9F5E9F5E9F12
:10C640005E9F5E9F5E9F5E9F5E9F5E9F5E9F5E9F02
:10C650005E9F5E9F5E9F5E9F5E9F5E9F5E9F5E9FF2
:10C660005E9F5E9F5E9F5E9F5E9F5E9F5E9F5E9FE2
:10C670005E9F5E9F5E9F5E9F5E9F5E9F5E9F5E9FD2
:10C680005E9F5E9F5E9F5E9F5E9F5E9F5E9F5E9FC2
:10C690005E9F5E9F5E9F5E9F5E9F5E9F5E9F5E9FB2
:10C6A0005E9F5E9F5E9F5E9F5E9F5E9F5E9F5E9FA2
:10C6B0005E9F5E9F5E9F5E9F5E9F5E9F5E9F5E9F92
:10C6C0005E9F5E9F5E9F5E9F5E9F5E9F5E9F5E9F82
:10C6D0005E9F5E9F5E9F5E9F5E9F5E9F5E9F5E9F72
:10C6E0005E9F5E9F5E9F5E9F5E9F5E9F5E9F5E9F62
:10C6F0005E9F5E9F5E9F5E9F5E9F5E9F5E9F5E9F52
:10C700005E9F5E9F5E9F5E9F5E9F5E9F5E9F5E9F41
:10C710005E9F5E9F5E9F5E9F5E9F5E9F5E9F5E9F31
:10C720005E9F5E9F5E9F5E9F5E9F5E9F5E9F5E9F21
:10C730005E9F5E9F5E9F5E9F5E9F5E9F5E9F5E9F11
:10C740005E9F5E9F5E9F5E9F5E9F5E9F5E9F5E9F01
:10C750005E9F5E9F5E9F5E9F5E9F5E9F5E9F5E9FF1
:10C760005E9F5E9F5E9F5E9F5E9F5E9FF8AD08DA54
:10C77000E3E8E3E804E186E1E3E8E3E800F000F061
:10C7800000F000F000F000F000F000F000F000F029
:10C7900000F0C7D95E9F5E9F5E9F5E9F5E9F5E9F1B
:10C7A0005E9F5E9F5E9F5E9F5E9F5E9F5E9F5E9FA1
:10C7B0005E9F5E9F5E9F5E9F5E9F5E9F5E9F5E9F91
:10C7C0005E9F5E9F5E9F5E9F5E9F5E9F5E9F5E9F81
:10C7D0005E9F5E9F5E9F5E9F5E9F5E9F5E9F5E9F71
:10C7E0005E9F5E9F5E9F5E9F5E9F5E9F5E9F5E9F61
:10C7F0005E9F5E9F5E9F5E9F5E9F5E9F5E9F5E9F51
:10C800005E9F5E9F5E9F5E9F5E9F5E9F5E9F5E9F40
:10C810005E9F5E9F5E9F5E9F5E9F5E9F5E9F5E9F30
:10C820005E9F5E9F5E9F5E9F5E9F5E9F5E9F5E9F20
:10C830005E9F5E9F5E9F5E9F5E9F5E9F5E9F5E9F10
:10C840005E9F5E9F5E9F5E9F5E9F5E9F5E9F5E9F00
:10C850005E9F5E9F5E9F5E9F5E9F5E9F5E9F5E9FF0
:10C860005E9F5E9F5E9F5E9F5E9F5E9F5E9F5E9FE0
:10C870005E9F5E9F5E9F5E9F5E9F5E9F5E9F5E9FD0
:10C880005E9F5E9F5E9F5E9F5E9F5E9F5E9F5E9FC0
:10C890005E9F5E9F5E9F5E9F5E9F5E9F5E9F5E9FB0
:10C8A0005E9F5E9F5E9F5E9F5E9F5E9F5E9F5E9FA0
:10C8B0005E9F5E9F5E9F5E9F5E9F5E9F5E9F5E9F90
:10C8C0005E9F5E9F5E9F5E9F5E9F5E9F5E9F5E9F80
:10C8D0005E9F5E9F5E9F5E9F5E9F5E9F5E9F5E9F70
:10C8E0005E9F5E9F5E9F5E9F5E9F5E9F5E9F5E9F60
:10C8F0005E9F5E9F5E9F5E9F5E9F5E9F5E9F5E9F50
:10C900005E9F5E9F5E9F5E9F5E9F5E9F5E9F5E9F3F
:10C910005E9F5E9F5E9F5E9F5E9F5E9F5E9F5E9F2F
:10C920005E9F5E9F5E9F5E9F5E9F5E9F5E9F5E9F1F
:10C930005E9F5E9F5E9F5E9F5E9F5E9F5E9F5E9F0F
:10C940005E9F5E9F5E9F5E9F5E9F5E9F5E9F5E9FFF
:10C950005E9F5E9F5E9F5E9F5E9F5E9F5E9F5E9FEF
:10C960005E9F5E9F5E9F5E9F5E9F5E9F5E9F5E9FDF
:10C970005E9F5E9F5E9F5E9F5E9F5E9F5E9F5E9FCF
:10C980005E9F5E9F5E9F5E9F5E9F5E9F5E9F5E9FBF
:10C990005E9F5E9F5E9F5E9F5E9F5E9F5E9F5E9FAF
:10C9A0005E9F5E9F5E9F5E9F5E9F5E9F5E9F5E9F9F
:10C9B0005E9F5E9F5E9F5E9F5E9F5E9F5E9F5E9F8F
:10C9C0005E9F5E9F5E9F5E9F5E9F5E9F5E9F5E9F7F
:10C9D0005E9F5E9F5E9F5E9F5E9F5E9F5E9F5E9F6F
:10C9E0005E9F5E9F5E9F5E9F5E9F5E9F5E9F5E9F5F
:10C9F0005E9F5E9F5E9F5E9F5E9F5E9F5E9F5E9F4F
:10CA00005E9F5E9F5E9F5E9F5E9F5E9F5E9F5E9F3E
:10CA10005E9F5E9F5E9F5E9F5E9F5E9F5E9F5E9F2E
:10CA20005E9F5E9F5E9F5E9F5E9F5E9F5E9F5E9F1E
:10CA30005E9F5E9F5E9F5E9F5E9F5E9F5E9F5E9F0E
:10CA40005E9F5E9F5E9F5E9F5E9F5E9F5E9F5E9FFE
:10CA50005E9F5E9F5E9F5E9F5E9F5E9F5E9F5E9FEE
:10CA60005E9F5E9F5E9F5E9F5E9F5E9F5E9F5E9FDE
:10CA70005E9F5E9F5E9F5E9F5E9F5E9F5E9F5E9FCE
:10CA80005E9F5E9F5E9F5E9F5E9F5E9F5E9F5E9FBE
:10CA90005E9F5E9F5E9F5E9F5E9F5E9F5E9F5E9FAE
:10CAA0005E9F5E9F5E9F5E9F5E9F5E9F5E9F5E9F9E
:10CAB0005E9F5E9F5E9F5E9F5E9F5E9F5E9F5E9F8E
:10CAC0005E9F5E9F5E9F5E9F5E9F5E9F5E9F5E9F7E
:10CAD0005E9F5E9F5E9F5E9F5E9F5E9F5E9F5E9F6E
:10CAE0005E9F5E9F5E9F5E9F5E9F5E9F5E9F5E9F5E
:10CAF0005E9F5E9F5E9F5E9F5E9F5E9F5E9F5E9F4E
:10CB00005E9F5E9F5E9F5E9F5E9F5E9F5E9F5E9F3D
:10CB10005E9F5E9F5E9F5E9F5E9F5E9F5E9F5E9F2D
:10CB20005E9F5E9F5E9F5E9F5E9F5E9F5E9F5E9F1D
:10CB300039AF33C72DD726EF21FF20FF20FF20FF7D
:10CB400020FF20FF20FF20FF20FF20FF20FF22F7F3
:10CB500030CF5D9F5E9F5E9F5E9F5E9F5E9F5E9FEC
:10CB60005E9F5E9F5E9F5E9F5E9F5E9F5E9F5E9FDD
:10CB70005E9F5E9F5E9F5E9F5E9F5E9F5E9F5E9FCD
:10CB80005E9F5E9F5E9F5E9F5E9F5E9F5E9F5E9FBD
:10CB90005E9F5E9F5E9F5E9F5E9F5E9F5E9F5E9FAD
:10CBA0005E9F5E9F5E9F5E9F5E9F5E9F5E9F5E9F9D
:10CBB0005E9F5E9F5E9F5E9F5E9F5E9F5E9F5E9F8D
:10CBC0005E9F5E9F5E9F5E9F5E9F5E9F5E9F5E9F7D
:10CBD0005E9F5E9F5E9F5E9F5E9F5E9F5E9F5E9F6D
:10CBE0005E9F5E9F5E9F5E9F5E9F5E9F5E9F5E9F5D
:10CBF0005E9F5E9F5E9F5E9F5E9F5E9F5E9F5E9F4D
:10CC00005E9F5E9F5E9F5E9F5E9F5E9F5E9F5E9F3C
:10CC10005E9F5E9F5E9F5E9F5E9F5E9F5E9F5E9F2C
:10CC20005E9F5E9F5E9F5E9F5E9F5E9F5E9F5E9F1C
:10CC30005E9F5E9F5E9F5E9F5E9F5E9F5E9F5E9F0C
:10CC40005E9F5E9F5E9F5E9F5E9F5E9F5E9F5E9FFC
:10CC50005E9F5E9F5E9F5E9F5E9F5E9F5E9F5E9FEC
:10CC60005E9F5E9F5E9F5E9F5E9F5E9F5E9F5E9FDC
:10CC70005E9F5E9F5E9F5E9F5E9F5E9F5E9F5E9FCC
:10CC80005E9F5E9F5E9F5E9F5E9F5E9F5E9F5E9FBC
:10CC90005E9F5E9F5E9F5E9F5E9F5E9F5E9F5E9FAC
:10CCA0005E9F5E9F5E9F5E9F5E9F5E9F5E9F5E9F9C
:10CCB0005E9F5E9F5E9F5E9F37B731C729E722F771
:10CCC00020FF20FF20FF20FF20FF20FF20FF20FF6C
:10CCD00020FF20FF20FF20FF20FF20FF20FF20FF5C
:10CCE00020FF25EF3BA75E9F5E9F5E9F5E9F5E9F3E
:10CCF0005E9F5E9F5E9F5E9F5E9F5E9F5E9F5E9F4C
:10CD00005E9F5E9F5E9F5E9F5E9F5E9F5E9F5E9F3B
:10CD10005E9F5E9F5E9F5E9F5E9F5E9F5E9F5E9F2B
:10CD20005E9F5E9F5E9F5E9F5E9F5E9F5E9F5E9F1B
:10CD30005E9F5E9F5E9F5E9F5E9F5E9F5E9F5E9F0B
:10CD40005E9F5E9F5E9F5E9F5E9F5E9F5E9F5E9FFB
:10CD50005E9F5E9F5E9F5E9F5E9F5E9F5E9F5E9FEB
:10CD60005E9F5E9F5E9F5E9F5E9F5E9F5E9F5E9FDB
:10CD70005E9F5E9F5E9F5E9F5E9F5E9F5E9F5E9FCB
:10CD80005E9F5E9F5E9F5E9F5E9F5E9F5E9F5E9FBB
:10CD90005E9F5E9F5E9F5E9F5E9F5E9F5E9F5E9FAB
:10CDA0005E9F5E9F5E9F5E9F5E9F5E9F5E9F5E9F9B
:10CDB0005E9F5E9F5E9F5E9F5E9F5E9F5E9F5E9F8B
:10CDC0005E9F5E9F5E9F5E9F5E9F5E9F5E9F5E9F7B
:10CDD0005E9F5E9F5E9F5E9F5E9F5E9F5E9F5E9F6B
:10CDE0005E9F5E9F5E9F5E9F5E9F5E9F5E9F5E9F5B
:10CDF0005E9F5E9F5E9F5E9F5E9F5E9F5E9F5E9F4B
:10CE00005E9F5E9F5E9F5E9F5E9F5E9F5E9F5E9F3A
:10CE10005E9F5E9F5E9F5E9F5E9F5E9F5E9F5E9F2A
:10CE20005E9F5E9F5E9F5E9F5E9F5E9F5E9F5E9F1A
:10CE30005E9F5E9F5E9F5E9F5E9F5E9F5E9F5E9F0A
:10CE40005E9F39AF31C721FF20FF20FF20FF20FF69
:10CE500020FF20FF20FF20FF60E600B5A083A06236
:10CE6000E041603140316031A039C062A0A4E0F6F9
:10CE700020FF20FF22F73AA75E9F5E9F5E9F5E9F86
:10CE80005E9F5E9F5E9F5E9F5E9F5E9F5E9F5E9FBA
:10CE90005E9F5E9F5E9F5E9F5E9F5E9F5E9F5E9FAA
:10CEA0005E9F5E9F5E9F5E9F5E9F5E9F5E9F5E9F9A
:10CEB0005E9F5E9F5E9F5E9F5E9F5E9F5E9F5E9F8A
:10CEC0005E9F5E9F5E9F5E9F5E9F5E9F5E9F5E9F7A
:10CED0005E9F5E9F5E9F5E9F5E9F5E9F5E9F5E9F6A
:10CEE0005E9F5E9F5E9F5E9F5E9F5E9F5E9F5E9F5A
:10CEF0005E9F5E9F5E9F5E9F5E9F5E9F5E9F5E9F4A
:10CF00005E9F5E9F5E9F5E9F5E9F5E9F5E9F5E9F39
:10CF10005E9F5E9F5E9F5E9F5E9F5E9F5E9F5E9F29
:10CF20005E9F5E9F5E9F5E9F5E9F5E9F5E9F5E9F19
:10CF30005E9F5E9F5E9F5E9F5E9F5E9F5E9F5E9F09
:10CF40005E9F5E9F5E9F5E9F5E9F5E9F5E9F5E9FF9
:10CF50005E9F5E9F5E9F5E9F5E9F5E9F5E9F5E9FE9
:10CF60005E9F5E9F5E9F5E9F5E9F5E9F5E9F5E9FD9
:10CF70005E9F5E9F5E9F5E9F5E9F5E9F5E9F5E9FC9
:10CF80005E9F5E9F5E9F5E9F5E9F5E9F5E9F5E9FB9
:10CF90005E9F5E9F5E9F5E9F5E9F5E9F5E9F5E9FA9
:10CFA0005E9F5E9F5E9F5E9F5E9F5E9F5E9F5E9F99
:10CFB0005E9F5E9F5E9F5E9F5E9F5E9F5E9F5E9F89
:10CFC0005E9F5E9F5E9F5E9F38AF32C72ADF25EF70
:10CFD00021FF20FF20FF20FF20FF20FF20FFC0F6C1
:10CFE00040BDA083204AC0180000000000000000DF
:10CFF00000000000000000000000000000008010A1
:10D00000008C20FF20FF29E75E9F5E9F5E9F5E9F52
:10D010005E9F5E9F5E9F5E9F5E9F5E9F5E9F5E9F28
:10D020005E9F5E9F5E9F5E9F5E9F5E9F5E9F5E9F18
:10D030005E9F5E9F5E9F5E9F5E9F5E9F5E9F5E9F08
:10D040005E9F5E9F5E9F5E9F5E9F5E9F5E9F5E9FF8
:10D050005E9F5E9F5E9F5E9F5E9F5E9F5E9F5E9FE8
:10D060005E9F5E9F5E9F5E9F5E9F5E9F5E9F5E9FD8
:10D070005E9F5E9F5E9F5E9F5E9F5E9F5E9F5E9FC8
:10D080005E9F5E9F5E9F5E9F5E9F5E9F5E9F5E9FB8
:10D090005E9F5E9F5E9F5E9F5E9F5E9F5E9F5E9FA8
:10D0A0005E9F5E9F5E9F5E9F5E9F5E9F5E9F5E9F98
:10D0B0005E9F5E9F5E9F5E9F5E9F5E9F5E9F5E9F88
:10D0C0005E9F5E9F5E9F5E9F5E9F5E9F5E9F5E9F78
:10D0D0005E9F5E9F5E9F5E9F5E9F5E9F5E9F5E9F68
:10D0E0005E9F5E9F5E9F5E9F5E9F5E9F5E9F5E9F58
:10D0F0005E9F5E9F5E9F5E9F5E9F5E9F5E9F5E9F48
:10D100005E9F5E9F5E9F5E9F5E9F5E9F5E9F5E9F37
:10D110005E9F5E9F5E9F5E9F5E9F5E9F5E9F5E9F27
:10D120005E9F5E9F5E9F5E9F5E9F5E9F5E9F5E9F17
:10D130005E9F5E9F5E9F5E9F5E9F5E9F5E9F5E9F07
:10D140005E9F5E9F5E9F5E9F5E9F38AF31C729E7FF
:10D1500023F731C729E722FF20FF20FF20FF20FF10
:10D1600020FF20FF20FF20FF20FF20FF204A20007B
:10D1700000000000000000000000000000000000AF
:10D18000000000000000000000000000000000009F
:10D19000000080A420FF20FF36B75E9F5E9F5E9F49
:10D1A0005E9F5E9F5E9F5E9F5E9F5E9F5E9F5E9F97
:10D1B0005E9F5E9F5E9F5E9F5E9F5E9F5E9F5E9F87
:10D1C0005E9F5E9F5E9F5E9F5E9F5E9F5E9F5E9F77
:10D1D0005E9F5E9F5E9F5E9F5E9F5E9F5E9F5E9F67
:10D1E0005E9F5E9F5E9F5E9F5E9F5E9F5E9F5E9F57
:10D1F0005E9F5E9F5E9F5E9F5E9F5E9F5E9F5E9F47
:10D200005E9F5E9F5E9F5E9F5E9F5E9F5E9F5E9F36
:10D210005E9F5E9F5E9F5E9F5E9F5E9F5E9F5E9F26
:10D220005E9F5E9F5E9F5E9F5E9F5E9F5E9F5E9F16
:10D230005E9F5E9F5E9F5E9F5E9F5E9F5E9F5E9F06
:10D240005E9F5E9F5E9F5E9F5E9F5E9F5E9F5E9FF6
:10D250005E9F5E9F5E9F5E9F5E9F5E9F5E9F5E9FE6
:10D260005E9F5E9F5E9F5E9F5E9F5E9F5E9F5E9FD6
:10D270005E9F5E9F5E9F5E9F5E9F5E9F5E9F5E9FC6
:10D280005E9F5E9F5E9F5E9F5E9F5E9F5E9F5E9FB6
:10D290005E9F5E9F5E9F5E9F5E9F5E9F5E9F5E9FA6
:10D2A0005E9F5E9F5E9F5E9F5E9F5E9F5E9F5E9F96
:10D2B0005E9F5E9F5E9F5E9F5E9F5E9F5E9F5E9F86
:10D2C0005E9F5E9F5E9F5E9F5E9F5E9F5E9F5E9F76
:10D2D0005E9F37B730CF28E721FF20FF20FF20FFD8
:10D2E00020FF20FF20FF20FF20FF20FF20FF20FF46
:10D2F00040DE00B5E08B006BA08320DE004A00001A
:10D30000000000000000000000000000000000001D
:10D31000000000000000000000000000000000000D
:10D320000000603120FF20FF2BDF5E9F5E9F5E9F2D
:10D330005E9F5E9F5E9F5E9F5E9F5E9F5E9F5E9F05
:10D340005E9F5E9F5E9F5E9F5E9F5E9F5E9F5E9FF5
:10D350005E9F5E9F5E9F5E9F5E9F5E9F5E9F5E9FE5
:10D360005E9F5E9F5E9F5E9F5E9F5E9F5E9F5E9FD5
:10D370005E9F5E9F5E9F5E9F5E9F5E9F5E9F5E9FC5
:10D380005E9F5E9F5E9F5E9F5E9F5E9F5E9F5E9FB5
:10D390005E9F5E9F5E9F5E9F5E9F5E9F5E9F5E9FA5
:10D3A0005E9F5E9F5E9F5E9F5E9F5E9F5E9F5E9F95
:10D3B0005E9F5E9F5E9F5E9F5E9F5E9F5E9F5E9F85
:10D3C0005E9F5E9F5E9F5E9F5E9F5E9F5E9F5E9F75
:10D3D0005E9F5E9F5E9F5E9F5E9F5E9F5E9F5E9F65
:10D3E0005E9F5E9F5E9F5E9F5E9F5E9F5E9F5E9F55
:10D3F0005E9F5E9F5E9F5E9F5E9F5E9F5E9F5E9F45
:10D400005E9F5E9F5E9F5E9F5E9F5E9F5E9F5E9F34
:10D410005E9F5E9F5E9F5E9F5E9F5E9F5E9F5E9F24
:10D420005E9F5E9F5E9F5E9F5E9F5E9F5E9F5E9F14
:10D430005E9F5E9F5E9F5E9F5E9F5E9F5E9F5E9F04
:10D440005E9F5E9F5E9F5E9F5E9F5E9F5E9F5E9FF4
:10D450005E9F5E9F5E9F5E9F5D9F36B730CF28E7E1
:10D4600021FF20FF20FF20FF20FF20FF20FF20FFC3
:10D4700020FF20FF20FFA0EE20B5607BA0396008D0
:10D48000000000000000000000004008A03900007B
:10D4900000000000000000000000000000008031DB
:10D4A0002073407300210000000000000000000015
:10D4B00000000000A0EE20FF22FF5E9F5E9F5E9FA7
:10D4C0005E9F5E9F5E9F5E9F5E9F5E9F5E9F5E9F74
:10D4D0005E9F5E9F5E9F5E9F5E9F5E9F5E9F5E9F64
:10D4E0005E9F5E9F5E9F5E9F5E9F5E9F5E9F5E9F54
:10D4F0005E9F5E9F5E9F5E9F5E9F5E9F5E9F5E9F44
:10D500005E9F5E9F5E9F5E9F5E9F5E9F5E9F5E9F33
:10D510005E9F5E9F5E9F5E9F5E9F5E9F5E9F5E9F23
:10D520005E9F5E9F5E9F5E9F5E9F5E9F5E9F5E9F13
:10D530005E9F5E9F5E9F5E9F5E9F5E9F5E9F5E9F03
:10D540005E9F5E9F5E9F5E9F5E9F5E9F5E9F5E9FF3
:10D550005E9F5E9F5E9F5E9F5E9F5E9F5E9F5E9FE3
:10D560005E9F5E9F5E9F5E9F5E9F5E9F5E9F5E9FD3
:10D570005E9F5E9F5E9F5E9F5E9F5E9F5E9F5E9FC3
:10D580005E9F5E9F5E9F5E9F5E9F5E9F5E9F5E9FB3
:10D590005E9F5E9F5E9F5E9F5E9F5E9F5E9F5E9FA3
:10D5A0005E9F5E9F5E9F5E9F5E9F5E9F5E9F5E9F93
:10D5B0005E9F5E9F5E9F5E9F5E9F5E9F5E9F5E9F83
:10D5C0005E9F5E9F5E9F5E9F5E9F5E9F5E9F5E9F73
:10D5D0005E9F5E9F5E9F5E9F5E9F5E9F5E9F5E9F63
:10D5E0005E9F5E9F5E9F5E9F22F720FF20FF20FFD1
:10D5F00020FF20FF20FF20FFA0EEE0AC206B00DE2C
:10D60000C0AC006B403100000000000000000000D2
:10D61000000000000000000000000000000000000A
:10D62000000000000000000000000000A05A20FFE1
:10D6300020FF20FFC0F600210000000000000000D5
:10D640000000000000B520FF20FF39AF5E9F5E9F05
:10D650005E9F5E9F5E9F5E9F5E9F5E9F5E9F5E9FE2
:10D660005E9F5E9F5E9F5E9F5E9F5E9F5E9F5E9FD2
:10D670005E9F5E9F5E9F5E9F5E9F5E9F5E9F5E9FC2
:10D680005E9F5E9F5E9F5E9F5E9F5E9F5E9F5E9FB2
:10D690005E9F5E9F5E9F5E9F5E9F5E9F5E9F5E9FA2
:10D6A0005E9F5E9F5E9F5E9F5E9F5E9F5E9F5E9F92
:10D6B0005E9F5E9F5E9F5E9F5E9F5E9F5E9F5E9F82
:10D6C0005E9F5E9F5E9F5E9F5E9F5E9F5E9F5E9F72
:10D6D0005E9F5E9F5E9F5E9F5E9F5E9F5E9F5E9F62
:10D6E0005E9F5E9F5E9F5E9F5E9F5E9F5E9F5E9F52
:10D6F0005E9F5E9F5E9F5E9F5E9F5E9F5E9F5E9F42
:10D700005E9F5E9F5E9F5E9F5E9F5E9F5E9F5E9F31
:10D710005E9F5E9F5E9F5E9F5E9F5E9F5E9F5E9F21
:10D720005E9F5E9F5E9F5E9F5E9F5E9F5E9F5E9F11
:10D730005E9F5E9F5E9F5E9F5E9F5E9F5E9F5E9F01
:10D740005E9F5E9F5E9F5E9F5E9F5E9F5E9F5E9FF1
:10D750005E9F5E9F5E9F5E9F5E9F5E9F5E9F5E9FE1
:10D760005E9F5E9F5E9F5E9F5E9F5E9F5E9F5E9FD1
:10D770005CA737B731C72BDF21FF20FF20FF20FF39
:10D7800080E6C0AC006B40290000000000000000F3
:10D790000000000000000000000000000000000089
:10D7A0000000000000000000000000000000400831
:10D7B000805AE0200000000000000000202920FF27
:10D7C00020FF20FF20FF0094000000000000000068
:10D7D00000000000A08320FF20FF32C75E9F5E9FF5
:10D7E0005E9F5E9F5E9F5E9F5E9F5E9F5E9F5E9F51
:10D7F0005E9F5E9F5E9F5E9F5E9F5E9F5E9F5E9F41
:10D800005E9F5E9F5E9F5E9F5E9F5E9F5E9F5E9F30
:10D810005E9F5E9F5E9F5E9F5E9F5E9F5E9F5E9F20
:10D820005E9F5E9F5E9F5E9F5E9F5E9F5E9F5E9F10
:10D830005E9F5E9F5E9F5E9F5E9F5E9F5E9F5E9F00
:10D840005E9F5E9F5E9F5E9F5E9F5E9F5E9F5E9FF0
:10D850005E9F5E9F5E9F5E9F5E9F5E9F5E9F5E9FE0
:10D860005E9F5E9F5E9F5E9F5E9F5E9F5E9F5E9FD0
:10D870005E9F5E9F5E9F5E9F5E9F5E9F5E9F5E9FC0
:10D880005E9F5E9F5E9F5E9F5E9F5E9F5E9F5E9FB0
:10D890005E9F5E9F5E9F5E9F5E9F5E9F5E9F5E9FA0
:10D8A0005E9F5E9F5E9F5E9F5E9F5E9F5E9F5E9F90
:10D8B0005E9F5E9F5E9F5E9F5E9F5E9F5E9F5E9F80
:10D8C0005E9F5E9F5E9F5E9F5E9F5E9F5E9F5E9F70
:10D8D0005E9F5E9F5E9F5E9F5E9F5E9F5E9F5E9F60
:10D8E0005E9F5E9F5E9F5E9F5E9F5E9F5E9F5E9F50
:10D8F0005E9F5E9F5E9F5E9F39AF32C72BDF25EF35
:10D9000020FF20FF20FF20FF20FF20FF20FF409C62
:10D910000000000000000000000000000000000007
:10D920000000000000000000000000000000C0181F
:10D93000805A40080000000000000000000040087D
:10D94000C0F6407300000000000000000000A0EEE0
:10D9500020FF20FF20FFC0CD0000000000000000DD
:10D9600000000000E04120FF20FF2CD75E9F5E9F5B
:10D970005E9F5E9F5E9F5E9F5E9F5E9F5E9F5E9FBF
:10D980005E9F5E9F5E9F5E9F5E9F5E9F5E9F5E9FAF
:10D990005E9F5E9F5E9F5E9F5E9F5E9F5E9F5E9F9F
:10D9A0005E9F5E9F5E9F5E9F5E9F5E9F5E9F5E9F8F
:10D9B0005E9F5E9F5E9F5E9F5E9F5E9F5E9F5E9F7F
:10D9C0005E9F5E9F5E9F5E9F5E9F5E9F5E9F5E9F6F
:10D9D0005E9F5E9F5E9F5E9F5E9F5E9F5E9F5E9F5F
:10D9E0005E9F5E9F5E9F5E9F5E9F5E9F5E9F5E9F4F
:10D9F0005E9F5E9F5E9F5E9F5E9F5E9F5E9F5E9F3F
:10DA00005E9F5E9F5E9F5E9F5E9F5E9F5E9F5E9F2E
:10DA10005E9F5E9F5E9F5E9F5E9F5E9F5E9F5E9F1E
:10DA20005E9F5E9F5E9F5E9F5E9F5E9F5E9F5E9F0E
:10DA30005E9F5E9F5E9F5E9F5E9F5E9F5E9F5E9FFE
:10DA40005E9F5E9F5E9F5E9F5E9F5E9F5E9F5E9FEE
:10DA50005E9F5E9F5E9F5E9F5E9F5E9F5E9F5E9FDE
:10DA60005E9F5E9F5E9F5E9F5E9F5E9F5E9F5E9FCE
:10DA70005E9F5E9F5E9F5E9F5E9F5E9F5E9F5D9FBF
:10DA800035BF2DD728E722FF20FF20FF20FF20FFF2
:10DA900020FF20FF20FF20FF20FF20FF20FFC0CD20
:10DAA0000000000000000000000000000000000076
:10DAB0000000000000000000000000000000A05A6C
:10DAC00020FFC0AC000000000000000000000000CB
:10DAD00060BD00B50000000000000000000040BD77
:10DAE00020FF20FF20FF00FF400800000000000092
:10DAF00000000000801020FF20FF25EF5E9F5E9F4A
:10DB00005E9F5E9F5E9F5E9F5E9F5E9F5E9F5E9F2D
:10DB10005E9F5E9F5E9F5E9F5E9F5E9F5E9F5E9F1D
:10DB20005E9F5E9F5E9F5E9F5E9F5E9F5E9F5E9F0D
:10DB30005E9F5E9F5E9F5E9F5E9F5E9F5E9F5E9FFD
:10DB40005E9F5E9F5E9F5E9F5E9F5E9F5E9F5E9FED
:10DB50005E9F5E9F5E9F5E9F5E9F5E9F5E9F5E9FDD
:10DB60005E9F5E9F5E9F5E9F5E9F5E9F5E9F5E9FCD
:10DB70005E9F5E9F5E9F5E9F5E9F5E9F5E9F5E9FBD
:10DB80005E9F5E9F5E9F5E9F5E9F5E9F5E9F5E9FAD
:10DB90005E9F5E9F5E9F5E9F5E9F5E9F5E9F5E9F9D
:10DBA0005E9F5E9F5E9F5E9F5E9F5E9F5E9F5E9F8D
:10DBB0005E9F5E9F5E9F5E9F5E9F5E9F5E9F5E9F7D
:10DBC0005E9F5E9F5E9F5E9F5E9F5E9F5E9F5E9F6D
:10DBD0005E9F5E9F5E9F5E9F5E9F5E9F5E9F5E9F5D
:10DBE0005E9F5E9F5E9F5E9F5E9F5E9F5E9F5E9F4D
:10DBF0005E9F5E9F5E9F5E9F5E9F5E9F5E9F5E9F3D
:10DC00005E9F5E9F5E9F5E9F5E9F5E9F3AAF23F723
:10DC100020FF20FF20FF20FF20FF20FF20FF00FF2C
:10DC2000E0D5809C006BC0418010A018E06AA0EE97
:10DC3000C01800000000000000000000000000000C
:10DC40000021805A80100000000000000000803990
:10DC500020FFA0EE00000000000000000000000017
:10DC6000209480EE00000000000000000000C0834F
:10DC700020FF20FF20FF20FFC0390000000000002F
:10DC800000000000000040DE20FF21FF5E9F5E9F3D
:10DC90005E9F5E9F5E9F5E9F5E9F5E9F5E9F5E9F9C
:10DCA0005E9F5E9F5E9F5E9F5E9F5E9F5E9F5E9F8C
:10DCB0005E9F5E9F5E9F5E9F5E9F5E9F5E9F5E9F7C
:10DCC0005E9F5E9F5E9F5E9F5E9F5E9F5E9F5E9F6C
:10DCD0005E9F5E9F5E9F5E9F5E9F5E9F5E9F5E9F5C
:10DCE0005E9F5E9F5E9F5E9F5E9F5E9F5E9F5E9F4C
:10DCF0005E9F5E9F5E9F5E9F5E9F5E9F5E9F5E9F3C
:10DD00005E9F5E9F5E9F5E9F5E9F5E9F5E9F5E9F2B
:10DD10005E9F5E9F5E9F5E9F5E9F5E9F5E9F5E9F1B
:10DD20005E9F5E9F5E9F5E9F5E9F5E9F5E9F5E9F0B
:10DD30005E9F5E9F5E9F5E9F5E9F5E9F5E9F5E9FFB
:10DD40005E9F5E9F5E9F5E9F5E9F5E9F5E9F5E9FEB
:10DD50005E9F5E9F5E9F5E9F5E9F5E9F5E9F5E9FDB
:10DD60005E9F5E9F5E9F5E9F5E9F5E9F5E9F5E9FCB
:10DD70005E9F5E9F5E9F5E9F5E9F5E9F5E9F5E9FBB
:10DD80005E9F5E9F5E9F5E9F5E9F5E9F5E9F5E9FAB
:10DD90005E9F5E9F5E9F5E9F5E9F5E9F28E720FF67
:10DDA00020FF20FF20FFA0EE20BD807BE041400847
:10DDB0000000000000000000000000000000C0396A
:10DDC000A062000000000000000000000000000051
:10DDD000C0CD20FF40520000000000000000601095
:10DDE00020FF20FF4029000000000000000000008C
:10DDF000008C20FF20290000000000000000204AC5
:10DE000020FF20FF20FF20FFE06200000000000054
:10DE100000000000000060C520FF20FF3CA75E9FBF
:10DE20005E9F5E9F5E9F5E9F5E9F5E9F5E9F5E9F0A
:10DE30005E9F5E9F5E9F5E9F5E9F5E9F5E9F5E9FFA
:10DE40005E9F5E9F5E9F5E9F5E9F5E9F5E9F5E9FEA
:10DE50005E9F5E9F5E9F5E9F5E9F5E9F5E9F5E9FDA
:10DE60005E9F5E9F5E9F5E9F5E9F5E9F5E9F5E9FCA
:10DE70005E9F5E9F5E9F5E9F5E9F5E9F5E9F5E9FBA
:10DE80005E9F5E9F5E9F5E9F5E9F5E9F5E9F5E9FAA
:10DE90005E9F5E9F5E9F5E9F5E9F5E9F5E9F5E9F9A
:10DEA0005E9F5E9F5E9F5E9F5E9F5E9F5E9F5E9F8A
:10DEB0005E9F5E9F5E9F5E9F5E9F5E9F5E9F5E9F7A
:10DEC0005E9F5E9F5E9F5E9F5E9F5E9F5E9F5E9F6A
:10DED0005E9F5E9F5E9F5E9F5E9F5E9F5E9F5E9F5A
:10DEE0005E9F5E9F5E9F5E9F5E9F5E9F5E9F5E9F4A
:10DEF0005E9F5E9F5E9F5E9F5E9F5E9F5E9F5E9F3A
:10DF00005E9F5E9F5E9F5E9F5E9F5E9F5E9F5E9F29
:10DF10005E9F5E9F5E9F5E9F5E9F5E9F5E9F5E9F19
:10DF20005E9F5E9F5E9F5E9F5E9F5E9F20FF20FFC5
:10DF3000A0EE6052E02000000000000000000000A1
:10DF400000000000000000000000000000000000D1
:10DF5000A083A0A4A0A40000000000000000000016
:10DF6000409C20FFE08B000000000000000000004B
:10DF700060E620FFE06A00000000000000000000F2
:10DF800060C520FFE06A0000000000000000A0184B
:10DF900020FF20FF20FF20FF807B0000000000000A
:10DFA000000000000000A0A420FF20FF39AF5E9F0A
:10DFB0005E9F5E9F5E9F5E9F5E9F5E9F5E9F5E9F79
:10DFC0005E9F5E9F5E9F5E9F5E9F5E9F5E9F5E9F69
:10DFD0005E9F5E9F5E9F5E9F5E9F5E9F5E9F5E9F59
:10DFE0005E9F5E9F5E9F5E9F5E9F5E9F5E9F5E9F49
:10DFF0005E9F5E9F5E9F5E9F5E9F5E9F5E9F5E9F39
:10E000005E9F5E9F5E9F5E9F5E9F5E9F5E9F5E9F28
:10E010005E9F5E9F5E9F5E9F5E9F5E9F5E9F5E9F18
:10E020005E9F5E9F5E9F5E9F5E9F5E9F5E9F5E9F08
:10E030005E9F5E9F5E9F5E9F5E9F5E9F5E9F5E9FF8
:10E040005E9F5E9F5E9F5E9F5E9F5E9F5E9F5E9FE8
:10E050005E9F5E9F5E9F5E9F5E9F5E9F5E9F5E9FD8
:10E060005E9F5E9F5E9F5E9F5E9F5E9F5E9F5E9FC8
:10E070005E9F5E9F5E9F5E9F5E9F5E9F5E9F5E9FB8
:10E080005E9F5E9F5E9F5E9F5E9F5E9F5E9F5E9FA8
:10E090005E9F5E9F5E9F5E9F5E9F5E9F5E9F5E9F98
:10E0A0005E9F5E9F5E9F5E9F5E9F5E9F5E9F5E9F88
:10E0B0005E9F5E9F5E9F5E9F5E9F5E9F23F720FF39
:10E0C000C0F600000000000000000000000000009A
:10E0D0000000000000000000000000000000000040
:10E0E000A06220FF00FF40080000000000000000C8
:10E0F000A05A20FF80C500000000000000000000C2
:10E1000000B520FFE08B0000000000004008A08365
:10E1100020FF20FF609C00000000000000000000C5
:10E1200040E620FF20FF20FFA08300000000000049
:10E13000000000000000008C20FF20FF36B75E9F2B
:10E140005E9F5E9F5E9F5E9F5E9F5E9F5E9F5E9FE7
:10E150005E9F5E9F5E9F5E9F5E9F5E9F5E9F5E9FD7
:10E160005E9F5E9F5E9F5E9F5E9F5E9F5E9F5E9FC7
:10E170005E9F5E9F5E9F5E9F5E9F5E9F5E9F5E9FB7
:10E180005E9F5E9F5E9F5E9F5E9F5E9F5E9F5E9FA7
:10E190005E9F5E9F5E9F5E9F5E9F5E9F5E9F5E9F97
:10E1A0005E9F5E9F5E9F5E9F5E9F5E9F5E9F5E9F87
:10E1B0005E9F5E9F5E9F5E9F5E9F5E9F5E9F5E9F77
:10E1C0005E9F5E9F5E9F5E9F5E9F5E9F5E9F5E9F67
:10E1D0005E9F5E9F5E9F5E9F5E9F5E9F5E9F5E9F57
:10E1E0005E9F5E9F5E9F5E9F5E9F5E9F5E9F5E9F47
:10E1F0005E9F5E9F5E9F5E9F5E9F5E9F5E9F5E9F37
:10E200005E9F5E9F5E9F5E9F5E9F5E9F5E9F5E9F26
:10E210005E9F5E9F5E9F5E9F5E9F5E9F5E9F5E9F16
:10E220005E9F5E9F5E9F5E9F5E9F5E9F5E9F5E9F06
:10E230005E9F5E9F5E9F5E9F5E9F5E9F5E9F5E9FF6
:10E240005E9F5E9F5E9F5E9F5E9F5E9F28E720FFB2
:10E2500020FF402900000000000000000000000036
:10E260000000C01820DE60E6C018000000000000BA
:10E27000603120FF20FFC0410000000000000000CE
:10E28000002120FFE0F62000000000000000000058
:10E29000E041004A2000000000000000C04120735F
:10E2A000A0C520FF00DE000000000000000000000C
:10E2B000E0AC20FF20FF20FFC06200000000000053
:10E2C00000000000000080A420FF20FF38AF5E9F08
:10E2D0005E9F5E9F5E9F5E9F5E9F5E9F5E9F5E9F56
:10E2E0005E9F5E9F5E9F5E9F5E9F5E9F5E9F5E9F46
:10E2F0005E9F5E9F5E9F5E9F5E9F5E9F5E9F5E9F36
:10E300005E9F5E9F5E9F5E9F5E9F5E9F5E9F5E9F25
:10E310005E9F5E9F5E9F5E9F5E9F5E9F5E9F5E9F15
:10E320005E9F5E9F5E9F5E9F5E9F5E9F5E9F5E9F05
:10E330005E9F5E9F5E9F5E9F5E9F5E9F5E9F5E9FF5
:10E340005E9F5E9F5E9F5E9F5E9F5E9F5E9F5E9FE5
:10E350005E9F5E9F5E9F5E9F5E9F5E9F5E9F5E9FD5
:10E360005E9F5E9F5E9F5E9F5E9F5E9F5E9F5E9FC5
:10E370005E9F5E9F5E9F5E9F5E9F5E9F5E9F5E9FB5
:10E380005E9F5E9F5E9F5E9F5E9F5E9F5E9F5E9FA5
:10E390005E9F5E9F5E9F5E9F5E9F5E9F5E9F5E9F95
:10E3A0005E9F5E9F5E9F5E9F5E9F5E9F5E9F5E9F85
:10E3B0005E9F5E9F5E9F5E9F5E9F5E9F5E9F5E9F75
:10E3C0005E9F5E9F5E9F5E9F5E9F5E9F5E9F5E9F65
:10E3D0005E9F5E9F5E9F5E9F5E9F5E9F2FCF20FF32
:10E3E00020FF4073A05A006B0000000000000000F6
:10E3F0000000600820FF20FFE06200000000000035
:10E40000A01820FF20FF607B00000000000000003B
:10E410000000A0EE20FF60310000000000000000BE
:10E4200000000000000000000000000000000000EC
:10E430000000209420FFA010000000000000000059
:10E44000607B20FF20FF20BD40080000000000008E
:10E4500000000000000020DE20FF21FF5D9F5E9F86
:10E460005E9F5E9F5E9F5E9F5E9F5E9F5E9F5E9FC4
:10E470005E9F5E9F5E9F5E9F5E9F5E9F5E9F5E9FB4
:10E480005E9F5E9F5E9F5E9F5E9F5E9F5E9F5E9FA4
:10E490005E9F5E9F5E9F5E9F5E9F5E9F5E9F5E9F94
:10E4A0005E9F5E9F5E9F5E9F5E9F5E9F5E9F5E9F84
:10E4B0005E9F5E9F5E9F5E9F5E9F5E9F5E9F5E9F74
:10E4C0005E9F5E9F5E9F5E9F5E9F5E9F5E9F5E9F64
:10E4D0005E9F5E9F5E9F5E9F5E9F5E9F5E9F5E9F54
:10E4E0005E9F5E9F5E9F5E9F5E9F5E9F5E9F5E9F44
:10E4F0005E9F5E9F5E9F5E9F5E9F5E9F5E9F5E9F34
:10E500005E9F5E9F5E9F5E9F5E9F5E9F5E9F5E9F23
:10E510005E9F5E9F5E9F5E9F5E9F5E9F5E9F5E9F13
:10E520005E9F5E9F5E9F5E9F5E9F5E9F5E9F5E9F03
:10E530005E9F5E9F5E9F5E9F5E9F5E9F5E9F5E9FF3
:10E540005E9F5E9F5E9F5E9F5E9F5E9F5E9F5E9FE3
:10E550005E9F5E9F5E9F5E9F5E9F5E9F5E9F5E9FD3
:10E560005E9F5E9F5E9F5E9F5E9F5E9F34BF20FFAB
:10E5700020FF20FF20FFA0EE0000000000000000B0
:10E580000000000000D620FFA08300000000000073
:10E59000C01820FF20FFE0B40000000000000000D1
:10E5A000000000B520FFC062000000000000000075
:10E5B000000000004029A010000000000000000042
:10E5C00000006008E0F6204A0000000000000000A3
:10E5D0000021A05A8031000000000000000000006F
:10E5E00000000000603120FF20FF27EF5E9F5E9F4C
:10E5F0005E9F5E9F5E9F5E9F5E9F5E9F5E9F5E9F33
:10E600005E9F5E9F5E9F5E9F5E9F5E9F5E9F5E9F22
:10E610005E9F5E9F5E9F5E9F5E9F5E9F5E9F5E9F12
:10E620005E9F5E9F5E9F5E9F5E9F5E9F5E9F5E9F02
:10E630005E9F5E9F5E9F5E9F5E9F5E9F5E9F5E9FF2
:10E640005E9F5E9F5E9F5E9F5E9F5E9F5E9F5E9FE2
:10E650005E9F5E9F5E9F5E9F5E9F5E9F5E9F5E9FD2
:10E660005E9F5E9F5E9F5E9F5E9F5E9F5E9F5E9FC2
:10E670005E9F5E9F5E9F5E9F5E9F5E9F5E9F5E9FB2
:10E680005E9F5E9F5E9F5E9F5E9F5E9F5E9F5E9FA2
:10E690005E9F5E9F5E9F5E9F5E9F5E9F5E9F5E9F92
:10E6A0005E9F5E9F5E9F5E9F5E9F5E9F5E9F5E9F82
:10E6B0005E9F5E9F5E9F5E9F5E9F5E9F5E9F5E9F72
:10E6C0005E9F5E9F5E9F5E9F5E9F5E9F5E9F5E9F62
:10E6D0005E9F5E9F5E9F5E9F5E9F5E9F5E9F5E9F52
:10E6E0005E9F5E9F5E9F5E9F5E9F5E9F5E9F5E9F42
:10E6F0005E9F5E9F5E9F5E9F5E9F5E9F38B720FF1E
:10E7000020FF20FF20FF20FF6031000000000000FC
:10E710000000000080A420FF409C000000000000DA
:10E72000C04120FF20FF60E6000000000000000064
:10E730000000807B20FF209400000000000000000B
:10E740000000207320FFC0F6E04100000000000040
:10E750000000000040BDC08B000000000000000071
:10E7600000000000000000000000000000000000A9
:10E770000000200080C520FF20FF30CF5E9F5E9FFD
:10E780005E9F5E9F5E9F5E9F5E9F5E9F5E9F5E9FA1
:10E790005E9F5E9F5E9F5E9F5E9F5E9F5E9F5E9F91
:10E7A0005E9F5E9F5E9F5E9F5E9F5E9F5E9F5E9F81
:10E7B0005E9F5E9F5E9F5E9F5E9F5E9F5E9F5E9F71
:10E7C0005E9F5E9F5E9F5E9F5E9F5E9F5E9F5E9F61
:10E7D0005E9F5E9F5E9F5E9F5E9F5E9F5E9F5E9F51
:10E7E0005E9F5E9F5E9F5E9F5E9F5E9F5E9F5E9F41
:10E7F0005E9F5E9F5E9F5E9F5E9F5E9F5E9F5E9F31
:10E800005E9F5E9F5E9F5E9F5E9F5E9F5E9F5E9F20
:10E810005E9F5E9F5E9F5E9F5E9F5E9F5E9F5E9F10
:10E820005E9F5E9F5E9F5E9F5E9F5E9F5E9F5E9F00
:10E830005E9F5E9F5E9F5E9F5E9F5E9F5E9F5E9FF0
:10E840005E9F5E9F5E9F5E9F5E9F5E9F5E9F5E9FE0
:10E850005E9F5E9F5E9F5E9F5E9F5E9F5E9F5E9FD0
:10E860005E9F5E9F5E9F5E9F5E9F5E9F5E9F5E9FC0
:10E870005E9F5E9F5E9F5E9F5E9F5E9F5E9F5E9FB0
:10E880005E9F5E9F5E9F5E9F5E9F5E9F5CA720FF78
:10E8900021FF24F720FF20FF20730000000000006C
:10E8A000000000004052E0B46031000000000000B1
:10E8B000004AA0CD20FF20FFA018000000000000AB
:10E8C0000000E04120FF80C50000000000000000C3
:10E8D0000000E04120FF20FF60E620000000000073
:10E8E00000000000A08360C50000000000000000E0
:10E8F0000000000000000000000000000000000018
:10E900002000C0AC20FF20FF23F75D9F5E9F5E9F2D
:10E910005E9F5E9F5E9F5E9F5E9F5E9F5E9F5E9F0F
:10E920005E9F5E9F5E9F5E9F5E9F5E9F5E9F5E9FFF
:10E930005E9F5E9F5E9F5E9F5E9F5E9F5E9F5E9FEF
:10E940005E9F5E9F5E9F5E9F5E9F5E9F5E9F5E9FDF
:10E950005E9F5E9F5E9F5E9F5E9F5E9F5E9F5E9FCF
:10E960005E9F5E9F5E9F5E9F5E9F5E9F5E9F5E9FBF
:10E970005E9F5E9F5E9F5E9F5E9F5E9F5E9F5E9FAF
:10E980005E9F5E9F5E9F5E9F5E9F5E9F5E9F5E9F9F
:10E990005E9F5E9F5E9F5E9F5E9F5E9F5E9F5E9F8F
:10E9A0005E9F5E9F5E9F5E9F5E9F5E9F5E9F5E9F7F
:10E9B0005E9F5E9F5E9F5E9F5E9F5E9F5E9F5E9F6F
:10E9C0005E9F5E9F5E9F5E9F5E9F5E9F5E9F5E9F5F
:10E9D0005E9F5E9F5E9F5E9F5E9F5E9F5E9F5E9F4F
:10E9E0005E9F5E9F5E9F5E9F5E9F5E9F5E9F5E9F3F
:10E9F0005E9F5E9F5E9F5E9F5E9F5E9F5E9F5E9F2F
:10EA00005E9F5E9F5E9F5E9F5E9F5E9F5E9F5E9F1E
:10EA10005E9F5E9F5E9F5E9F5E9F5E9F5E9F39AF23
:10EA20005E9F38B720FF20FFE0B400000000000028
:10EA300000000000000000000000000000000000D6
:10EA400000000000409C20FF004A00000000000081
:10EA50000000601020FFC0F6000000000000000071
:10EA60000000600800FF20FF20FFC0410000000000
:10EA700000000000E041E0F6200800000000000077
:10EA800000000000000000000000000000008031D5
:10EA9000C0D520FF20FF20FF37B75E9F5E9F5E9F9F
:10EAA0005E9F5E9F5E9F5E9F5E9F5E9F5E9F5E9F7E
:10EAB0005E9F5E9F5E9F5E9F5E9F5E9F5E9F5E9F6E
:10EAC0005E9F5E9F5E9F5E9F5E9F5E9F5E9F5E9F5E
:10EAD0005E9F5E9F5E9F5E9F5E9F5E9F5E9F5E9F4E
:10EAE0005E9F5E9F5E9F5E9F5E9F5E9F5E9F5E9F3E
:10EAF0005E9F5E9F5E9F5E9F5E9F5E9F5E9F5E9F2E
:10EB00005E9F5E9F5E9F5E9F5E9F5E9F5E9F5E9F1D
:10EB10005E9F5E9F5E9F5E9F5E9F5E9F5E9F5E9F0D
:10EB20005E9F5E9F5E9F5E9F5E9F5E9F5E9F5E9FFD
:10EB30005E9F5E9F5E9F5E9F5E9F5E9F5E9F5E9FED
:10EB40005E9F5E9F5E9F5E9F5E9F5E9F5E9F5E9FDD
:10EB50005E9F5E9F5E9F5E9F5E9F5E9F5E9F5E9FCD
:10EB60005E9F5E9F5E9F5E9F5E9F5E9F5E9F5E9FBD
:10EB70005E9F5E9F5E9F5E9F5E9F5E9F5E9F5E9FAD
:10EB80005E9F5E9F5E9F5E9F5E9F5E9F5E9F5E9F9D
:10EB90005E9F5E9F5E9F5E9F5E9F5E9F5E9F5E9F8D
:10EBA0005E9F5E9F5E9F5E9F5E9F5E9F5E9F5E9F7D
:10EBB0005E9F5E9F21FF20FF80EE000000000000AE
:10EBC0000000000000000000000000000000000045
:10EBD00000000000C03920FF807B00000000000022
:10EBE0000000000000D620FF00210000000000000F
:10EBF00000000000C0CD20FF20FF607B000000006F
:10EC0000000000004008E0F6A0390000000000000D
:10EC10000000000000000000E020605AC0AC20FFAF
:10EC200020FF20FF20FF33BF5E9F5E9F5E9F5E9FA1
:10EC30005E9F5E9F5E9F5E9F5E9F5E9F5E9F5E9FEC
:10EC40005E9F5E9F5E9F5E9F5E9F5E9F5E9F5E9FDC
:10EC50005E9F5E9F5E9F5E9F5E9F5E9F5E9F5E9FCC
:10EC60005E9F5E9F5E9F5E9F5E9F5E9F5E9F5E9FBC
:10EC70005E9F5E9F5E9F5E9F5E9F5E9F5E9F5E9FAC
:10EC80005E9F5E9F5E9F5E9F5E9F5E9F5E9F5E9F9C
:10EC90005E9F5E9F5E9F5E9F5E9F5E9F5E9F5E9F8C
:10ECA0005E9F5E9F5E9F5E9F5E9F5E9F5E9F5E9F7C
:10ECB0005E9F5E9F5E9F5E9F5E9F5E9F5E9F5E9F6C
:10ECC0005E9F5E9F5E9F5E9F5E9F5E9F5E9F5E9F5C
:10ECD0005E9F5E9F5E9F5E9F5E9F5E9F5E9F5E9F4C
:10ECE0005E9F5E9F5E9F5E9F5E9F5E9F5E9F5E9F3C
:10ECF0005E9F5E9F5E9F5E9F5E9F5E9F5E9F5E9F2C
:10ED00005E9F5E9F5E9F5E9F5E9F5E9F5E9F5E9F1B
:10ED10005E9F5E9F5E9F5E9F5E9F5E9F5E9F5E9F0B
:10ED20005E9F5E9F5E9F5E9F5E9F5E9F5E9F5E9FFB
:10ED30005E9F5E9F5E9F5E9F5E9F5E9F5E9F5E9FEB
:10ED40005E9F5E9F27EF20FF20FFA01800000000BD
:10ED50000000000000000021008CC0AC000000009A
:10ED6000000000002000C0F620B5000000000000F8
:10ED700000000000609C20FF6052000000000000C6
:10ED800000000000009420FF20FF00B500000000FC
:10ED900000000000000040BD607B00002000402912
:10EDA000805AE08B20B580EE20FF20FF20FF20FF5F
:10EDB00020FF24F738B75E9F5E9F5E9F5E9F5E9F39
:10EDC0005E9F5E9F5E9F5E9F5E9F5E9F5E9F5E9F5B
:10EDD0005E9F5E9F5E9F5E9F5E9F5E9F5E9F5E9F4B
:10EDE0005E9F5E9F5E9F5E9F5E9F5E9F5E9F5E9F3B
:10EDF0005E9F5E9F5E9F5E9F5E9F5E9F5E9F5E9F2B
:10EE00005E9F5E9F5E9F5E9F5E9F5E9F5E9F5E9F1A
:10EE10005E9F5E9F5E9F5E9F5E9F5E9F5E9F5E9F0A
:10EE20005E9F5E9F5E9F5E9F5E9F5E9F5E9F5E9FFA
:10EE30005E9F5E9F5E9F5E9F5E9F5E9F5E9F5E9FEA
:10EE40005E9F5E9F5E9F5E9F5E9F5E9F5E9F5E9FDA
:10EE50005E9F5E9F5E9F5E9F5E9F5E9F5E9F5E9FCA
:10EE60005E9F5E9F5E9F5E9F5E9F5E9F5E9F5E9FBA
:10EE70005E9F5E9F5E9F5E9F5E9F5E9F5E9F5E9FAA
:10EE80005E9F5E9F5E9F5E9F5E9F5E9F5E9F5E9F9A
:10EE90005E9F5E9F5E9F5E9F5E9F5E9F5E9F5E9F8A
:10EEA0005E9F5E9F5E9F5E9F5E9F5E9F5E9F5E9F7A
:10EEB0005E9F5E9F5E9F5E9F5E9F5E9F5E9F5E9F6A
:10EEC0005E9F5E9F5E9F5E9F5E9F5E9F5E9F5E9F5A
:10EED0005E9F5E9F2DD720FF20FF004200000000B4
:10EEE00000000000000060BD20FF20FF402900005E
:10EEF00000000000000020B580E6000000000000D7
:10EF000000000000C06220FFC0830000000000007D
:10EF100000000000405220FF20FFA0EE0000000093
:10EF2000000000000000607B60E6E0D500FF20FFED
:10EF300020FF20FF20FF20FF20FF20FF20FF22F7DF
:10EF400030CF5E9F5E9F5E9F5E9F5E9F5E9F5E9FD7
:10EF50005E9F5E9F5E9F5E9F5E9F5E9F5E9F5E9FC9
:10EF60005E9F5E9F5E9F5E9F5E9F5E9F5E9F5E9FB9
:10EF70005E9F5E9F5E9F5E9F5E9F5E9F5E9F5E9FA9
:10EF80005E9F5E9F5E9F5E9F5E9F5E9F5E9F5E9F99
:10EF90005E9F5E9F5E9F5E9F5E9F5E9F5E9F5E9F89
:10EFA0005E9F5E9F5E9F5E9F5E9F5E9F5E9F5E9F79
:10EFB0005E9F5E9F5E9F5E9F5E9F5E9F5E9F5E9F69
:10EFC0005E9F5E9F5E9F5E9F5E9F5E9F5E9F5E9F59
:10EFD0005E9F5E9F5E9F5E9F5E9F5E9F5E9F5E9F49
:10EFE0005E9F5E9F5E9F5E9F5E9F5E9F5E9F5E9F39
:10EFF0005E9F5E9F5E9F5E9F5E9F5E9F5E9F5E9F29
:10F000005E9F5E9F5E9F5E9F5E9F5E9F5E9F5E9F18
:10F010005E9F5E9F5E9F5E9F5E9F5E9F5E9F5E9F08
:10F020005E9F5E9F5E9F5E9F5E9F5E9F5E9F5E9FF8
:10F030005E9F5E9F5E9F5E9F5E9F5E9F5E9F5E9FE8
:10F040005E9F5E9F5E9F5E9F5E9F5E9F5E9F5E9FD8
:10F050005E9F5E9F5E9F5E9F5E9F5E9F5E9F5E9FC8
:10F060005E9F5E9F32C720FF20FF607B0000000094
:10F07000000000000000209420FF20FF006B000033
:10F08000000000000000407320FFA01800000000F6
:10F0900000000000402920FF20BD0000000000000B
:10F0A00000000000A01820FF20FF20FF40290000E2
:10F0B000000000000000803920FF20FF20FF20FF1B
:10F0C00020FF20FF20FF21FF27E72ED735B75E9FC7
:10F0D0005E9F5E9F5E9F5E9F5E9F5E9F5E9F5E9F48
:10F0E0005E9F5E9F5E9F5E9F5E9F5E9F5E9F5E9F38
:10F0F0005E9F5E9F5E9F5E9F5E9F5E9F5E9F5E9F28
:10F100005E9F5E9F5E9F5E9F5E9F5E9F5E9F5E9F17
:10F110005E9F5E9F5E9F5E9F5E9F5E9F5E9F5E9F07
:10F120005E9F5E9F5E9F5E9F5E9F5E9F5E9F5E9FF7
:10F130005E9F5E9F5E9F5E9F5E9F5E9F5E9F5E9FE7
:10F140005E9F5E9F5E9F5E9F5E9F5E9F5E9F5E9FD7
:10F150005E9F5E9F5E9F5E9F5E9F5E9F5E9F5E9FC7
:10F160005E9F5E9F5E9F5E9F5E9F5E9F5E9F5E9FB7
:10F170005E9F5E9F5E9F5E9F5E9F5E9F5E9F5E9FA7
:10F180005E9F5E9F5E9F5E9F5E9F5E9F5E9F5E9F97
:10F190005E9F5E9F5E9F5E9F5E9F5E9F5E9F5E9F87
:10F1A0005E9F5E9F5E9F5E9F5E9F5E9F5E9F5E9F77
:10F1B0005E9F5E9F5E9F5E9F5E9F5E9F5E9F5E9F67
:10F1C0005E9F5E9F5E9F5E9F5E9F5E9F5E9F5E9F57
:10F1D0005E9F5E9F5E9F5E9F5E9F5E9F5E9F5E9F47
:10F1E0005E9F5E9F5E9F5E9F5E9F5E9F5E9F5E9F37
:10F1F0005E9F5E9F38B720FF20FFE0AC000000005C
:10F20000000000000000C06220FF20FFC0AC000032
:10F21000000000000000405220FF004200000000FB
:10F22000000000000000A0EE80E6000000000000EA
:10F230000000C039609C00FF20FF20FFE06A000052
:10F240000000000000000000C0F620FF20FF29E7BA
:10F2500030CF34BF3AAF5E9F5E9F5E9F5E9F5E9FE2
:10F260005E9F5E9F5E9F5E9F5E9F5E9F5E9F5E9FB6
:10F270005E9F5E9F5E9F5E9F5E9F5E9F5E9F5E9FA6
:10F280005E9F5E9F5E9F5E9F5E9F5E9F5E9F5E9F96
:10F290005E9F5E9F5E9F5E9F5E9F5E9F5E9F5E9F86
:10F2A0005E9F5E9F5E9F5E9F5E9F5E9F5E9F5E9F76
:10F2B0005E9F5E9F5E9F5E9F5E9F5E9F5E9F5E9F66
:10F2C0005E9F5E9F5E9F5E9F5E9F5E9F5E9F5E9F56
:10F2D0005E9F5E9F5E9F5E9F5E9F5E9F5E9F5E9F46
:10F2E0005E9F5E9F5E9F5E9F5E9F5E9F5E9F5E9F36
:10F2F0005E9F5E9F5E9F5E9F5E9F5E9F5E9F5E9F26
:10F300005E9F5E9F5E9F5E9F5E9F5E9F5E9F5E9F15
:10F310005E9F5E9F5E9F5E9F5E9F5E9F5E9F5E9F05
:10F320005E9F5E9F5E9F5E9F5E9F5E9F5E9F5E9FF5
:10F330005E9F5E9F5E9F5E9F5E9F5E9F5E9F5E9FE5
:10F340005E9F5E9F5E9F5E9F5E9F5E9F5E9F5E9FD5
:10F350005E9F5E9F5E9F5E9F5E9F5E9F5E9F5E9FC5
:10F360005E9F5E9F5E9F5E9F5E9F5E9F5E9F5E9FB5
:10F370005E9F5E9F5E9F5E9F5E9F5E9F5E9F5E9FA5
:10F380005E9F5E9F5E9F21FF20FF00DE0000000069
:10F39000000000000000603120FF00FFE08B000053
:10F3A000000000000000E06A20FF40730000000041
:10F3B00000000000000020B520FF60316052609C1A
:10F3C00080E620FF20FF20FF20FF20FFA0AC0000F0
:10F3D000000000000000000000B520FF20FF38B74B
:10F3E0005E9F5E9F5E9F5E9F5E9F5E9F5E9F5E9F35
:10F3F0005E9F5E9F5E9F5E9F5E9F5E9F5E9F5E9F25
:10F400005E9F5E9F5E9F5E9F5E9F5E9F5E9F5E9F14
:10F410005E9F5E9F5E9F5E9F5E9F5E9F5E9F5E9F04
:10F420005E9F5E9F5E9F5E9F5E9F5E9F5E9F5E9FF4
:10F430005E9F5E9F5E9F5E9F5E9F5E9F5E9F5E9FE4
:10F440005E9F5E9F5E9F5E9F5E9F5E9F5E9F5E9FD4
:10F450005E9F5E9F5E9F5E9F5E9F5E9F5E9F5E9FC4
:10F460005E9F5E9F5E9F5E9F5E9F5E9F5E9F5E9FB4
:10F470005E9F5E9F5E9F5E9F5E9F5E9F5E9F5E9FA4
:10F480005E9F5E9F5E9F5E9F5E9F5E9F5E9F5E9F94
:10F490005E9F5E9F5E9F5E9F5E9F5E9F5E9F5E9F84
:10F4A0005E9F5E9F5E9F5E9F5E9F5E9F5E9F5E9F74
:10F4B0005E9F5E9F5E9F5E9F5E9F5E9F5E9F5E9F64
:10F4C0005E9F5E9F5E9F5E9F5E9F5E9F5E9F5E9F54
:10F4D0005E9F5E9F5E9F5E9F5E9F5E9F5E9F5E9F44
:10F4E0005E9F5E9F5E9F5E9F5E9F5E9F5E9F5E9F34
:10F4F0005E9F5E9F5E9F5E9F5E9F5E9F5E9F5E9F24
:10F500005E9F5E9F5E9F5E9F5E9F5E9F5E9F5E9F13
:10F510005E9F5E9F5E9F24F720FF00FF200000009B
:10F520000000000000000000C0418010000000004A
:10F5300000000000000080C520FFA0A40000000023
:10F54000000000000000607B20FF20FF20FF20FF64
:10F5500020FF20FF20FF21FF21FF20FF60E60000A9
:10F560000000000000000000207320FF20FF30CFCB
:10F570005E9F5E9F5E9F5E9F5E9F5E9F5E9F5E9FA3
:10F580005E9F5E9F5E9F5E9F5E9F5E9F5E9F5E9F93
:10F590005E9F5E9F5E9F5E9F5E9F5E9F5E9F5E9F83
:10F5A0005E9F5E9F5E9F5E9F5E9F5E9F5E9F5E9F73
:10F5B0005E9F5E9F5E9F5E9F5E9F5E9F5E9F5E9F63
:10F5C0005E9F5E9F5E9F5E9F5E9F5E9F5E9F5E9F53
:10F5D0005E9F5E9F5E9F5E9F5E9F5E9F5E9F5E9F43
:10F5E0005E9F5E9F5E9F5E9F5E9F5E9F5E9F5E9F33
:10F5F0005E9F5E9F5E9F5E9F5E9F5E9F5E9F5E9F23
:10F600005E9F5E9F5E9F5E9F5E9F5E9F5E9F5E9F12
:10F610005E9F5E9F5E9F5E9F5E9F5E9F5E9F5E9F02
:10F620005E9F5E9F5E9F5E9F5E9F5E9F5E9F5E9FF2
:10F630005E9F5E9F5E9F5E9F5E9F5E9F5E9F5E9FE2
:10F640005E9F5E9F5E9F5E9F5E9F5E9F5E9F5E9FD2
:10F650005E9F5E9F5E9F5E9F5E9F5E9F5E9F5E9FC2
:10F660005E9F5E9F5E9F5E9F5E9F5E9F5E9F5E9FB2
:10F670005E9F5E9F5E9F5E9F5E9F5E9F5E9F5E9FA2
:10F680005E9F5E9F5E9F5E9F5E9F5E9F5E9F5E9F92
:10F690005E9F5E9F5E9F5E9F5E9F5E9F5E9F5E9F82
:10F6A0005E9F5E9F5E9F28E720FF20FF20290000CD
:10F6B000000000000000000000000000000000004A
:10F6C00000000000E06A20FF20FFE0D500000000FD
:10F6D000000000000000405220FF20FF20FF20FF1C
:10F6E00021FF29E733C75D9F27EF20FF20FF00217F
:10F6F0000000000000000000403120FF20FF28E74C
:10F700005E9F5E9F5E9F5E9F5E9F5E9F5E9F5E9F11
:10F710005E9F5E9F5E9F5E9F5E9F5E9F5E9F5E9F01
:10F720005E9F5E9F5E9F5E9F5E9F5E9F5E9F5E9FF1
:10F730005E9F5E9F5E9F5E9F5E9F5E9F5E9F5E9FE1
:10F740005E9F5E9F5E9F5E9F5E9F5E9F5E9F5E9FD1
:10F750005E9F5E9F5E9F5E9F5E9F5E9F5E9F5E9FC1
:10F760005E9F5E9F5E9F5E9F5E9F5E9F5E9F5E9FB1
:10F770005E9F5E9F5E9F5E9F5E9F5E9F5E9F5E9FA1
:10F780005E9F5E9F5E9F5E9F5E9F5E9F5E9F5E9F91
:10F790005E9F5E9F5E9F5E9F5E9F5E9F5E9F5E9F81
:10F7A0005E9F5E9F5E9F5E9F5E9F5E9F5E9F5E9F71
:10F7B0005E9F5E9F5E9F5E9F5E9F5E9F5E9F5E9F61
:10F7C0005E9F5E9F5E9F5E9F5E9F5E9F5E9F5E9F51
:10F7D0005E9F5E9F5E9F5E9F5E9F5E9F5E9F5E9F41
:10F7E0005E9F5E9F5E9F5E9F5E9F5E9F5E9F5E9F31
:10F7F0005E9F5E9F5E9F5E9F5E9F5E9F5E9F5E9F21
:10F800005E9F5E9F5E9F5E9F5E9F5E9F5E9F5E9F10
:10F810005E9F5E9F5E9F5E9F5E9F5E9F5E9F5E9F00
:10F820005E9F5E9F5E9F5E9F5E9F5E9F5E9F5E9FF0
:10F830005E9F5E9F5E9F2FCF20FF20FF60520000E3
:10F8400000000000000000000000000000000000B8
:10F850002029209400FF20FF20FF00FF6008000007
:10F8600000004029807B20DE20FF20FF29DF35BFFC
:10F870005D9F5E9F5E9F5E9F2FCF20FF20FFA05A5F
:10F8800000000000000000000000A0EE20FF21FFAB
:10F890005D9F5E9F5E9F5E9F5E9F5E9F5E9F5E9F81
:10F8A0005E9F5E9F5E9F5E9F5E9F5E9F5E9F5E9F70
:10F8B0005E9F5E9F5E9F5E9F5E9F5E9F5E9F5E9F60
:10F8C0005E9F5E9F5E9F5E9F5E9F5E9F5E9F5E9F50
:10F8D0005E9F5E9F5E9F5E9F5E9F5E9F5E9F5E9F40
:10F8E0005E9F5E9F5E9F5E9F5E9F5E9F5E9F5E9F30
:10F8F0005E9F5E9F5E9F5E9F5E9F5E9F5E9F5E9F20
:10F900005E9F5E9F5E9F5E9F5E9F5E9F5E9F5E9F0F
:10F910005E9F5E9F5E9F5E9F5E9F5E9F5E9F5E9FFF
:10F920005E9F5E9F5E9F5E9F5E9F5E9F5E9F5E9FEF
:10F930005E9F5E9F5E9F5E9F5E9F5E9F5E9F5E9FDF
:10F940005E9F5E9F5E9F5E9F5E9F5E9F5E9F5E9FCF
:10F950005E9F5E9F5E9F5E9F5E9F5E9F5E9F5E9FBF
:10F960005E9F5E9F5E9F5E9F5E9F5E9F5E9F5E9FAF
:10F970005E9F5E9F5E9F5E9F5E9F5E9F5E9F5E9F9F
:10F980005E9F5E9F5E9F5E9F5E9F5E9F5E9F5E9F8F
:10F990005E9F5E9F5E9F5E9F5E9F5E9F5E9F5E9F7F
:10F9A0005E9F5E9F5E9F5E9F5E9F5E9F5E9F5E9F6F
:10F9B0005E9F5E9F5E9F5E9F5E9F5E9F5E9F5E9F5F
:10F9C0005E9F5E9F5E9F33BF20FF20FF807B000015
:10F9D0000000000000002008A0392073C0AC60E6E1
:10F9E00020FF20FF20FF20FF20FF20FF409CE0ACF5
:10F9F00060E620FF20FF20FF20FF21FF3CA75E9F45
:10FA00005E9F5E9F5E9F5E9F35B720FF20FF609CDC
:10FA10000000000000000000000080C520FF20FF63
:10FA20003AAF5E9F5E9F5E9F5E9F5E9F5E9F5E9F02
:10FA30005E9F5E9F5E9F5E9F5E9F5E9F5E9F5E9FDE
:10FA40005E9F5E9F5E9F5E9F5E9F5E9F5E9F5E9FCE
:10FA50005E9F5E9F5E9F5E9F5E9F5E9F5E9F5E9FBE
:10FA60005E9F5E9F5E9F5E9F5E9F5E9F5E9F5E9FAE
:10FA70005E9F5E9F5E9F5E9F5E9F5E9F5E9F5E9F9E
:10FA80005E9F5E9F5E9F5E9F5E9F5E9F5E9F5E9F8E
:10FA90005E9F5E9F5E9F5E9F5E9F5E9F5E9F5E9F7E
:10FAA0005E9F5E9F5E9F5E9F5E9F5E9F5E9F5E9F6E
:10FAB0005E9F5E9F5E9F5E9F5E9F5E9F5E9F5E9F5E
:10FAC0005E9F5E9F5E9F5E9F5E9F5E9F5E9F5E9F4E
:10FAD0005E9F5E9F5E9F5E9F5E9F5E9F5E9F5E9F3E
:10FAE0005E9F5E9F5E9F5E9F5E9F5E9F5E9F5E9F2E
:10FAF0005E9F5E9F5E9F5E9F5E9F5E9F5E9F5E9F1E
:10FB00005E9F5E9F5E9F5E9F5E9F5E9F5E9F5E9F0D
:10FB10005E9F5E9F5E9F5E9F5E9F5E9F5E9F5E9FFD
:10FB20005E9F5E9F5E9F5E9F5E9F5E9F5E9F5E9FED
:10FB30005E9F5E9F5E9F5E9F5E9F5E9F5E9F5E9FDD
:10FB40005E9F5E9F5E9F5E9F5E9F5E9F5E9F5E9FCD
:10FB50005E9F5E9F5E9F37B720FF20FF20B5805AD3
:10FB6000807BC0AC00D600FF20FF20FF20FF20FFDD
:10FB700020FF20FF21FF28E720FF20FF20FF20FF9C
:10FB800020FF20FF20FF20FF26EF33BF5E9F5E9FF8
:10FB90005E9F5E9F5E9F5E9F5CA720FF20FF20DE32
:10FBA000C018E0414073C0AC80EE20FF20FF20FF72
:10FBB0003CA75E9F5E9F5E9F5E9F5E9F5E9F5E9F77
:10FBC0005E9F5E9F5E9F5E9F5E9F5E9F5E9F5E9F4D
:10FBD0005E9F5E9F5E9F5E9F5E9F5E9F5E9F5E9F3D
:10FBE0005E9F5E9F5E9F5E9F5E9F5E9F5E9F5E9F2D
:10FBF0005E9F5E9F5E9F5E9F5E9F5E9F5E9F5E9F1D
:10FC00005E9F5E9F5E9F5E9F5E9F5E9F5E9F5E9F0C
:10FC10005E9F5E9F5E9F5E9F5E9F5E9F5E9F5E9FFC
:10FC20005E9F5E9F5E9F5E9F5E9F5E9F5E9F5E9FEC
:10FC30005E9F5E9F5E9F5E9F5E9F5E9F5E9F5E9FDC
:10FC40005E9F5E9F5E9F5E9F5E9F5E9F5E9F5E9FCC
:10FC50005E9F5E9F5E9F5E9F5E9F5E9F5E9F5E9FBC
:10FC60005E9F5E9F5E9F5E9F5E9F5E9F5E9F5E9FAC
:10FC70005E9F5E9F5E9F5E9F5E9F5E9F5E9F5E9F9C
:10FC80005E9F5E9F5E9F5E9F5E9F5E9F5E9F5E9F8C
:10FC90005E9F5E9F5E9F5E9F5E9F5E9F5E9F5E9F7C
:10FCA0005E9F5E9F5E9F5E9F5E9F5E9F5E9F5E9F6C
:10FCB0005E9F5E9F5E9F5E9F5E9F5E9F5E9F5E9F5C
:10FCC0005E9F5E9F5E9F5E9F5E9F5E9F5E9F5E9F4C
:10FCD0005E9F5E9F5E9F5E9F5E9F5E9F5E9F5E9F3C
:10FCE0005E9F5E9F5E9F5CA720FF20FF20FF20FF9E
:10FCF00020FF20FF20FF20FF20FF20FF20FF21FF0B
:10FD000028E732C75CA738B720FF20FF20FF20FF7D
:10FD100021FF28E730CF3AA75E9F5E9F5E9F5E9FE0
:10FD20005E9F5E9F5E9F5E9F5E9F26EF20FF20FF8F
:10FD300020FF20FF20FF20FF20FF20FF20FF30CFEB
:10FD40005E9F5E9F5E9F5E9F5E9F5E9F5E9F5E9FCB
:10FD50005E9F5E9F5E9F5E9F5E9F5E9F5E9F5E9FBB
:10FD60005E9F5E9F5E9F5E9F5E9F5E9F5E9F5E9FAB
:10FD70005E9F5E9F5E9F5E9F5E9F5E9F5E9F5E9F9B
:10FD80005E9F5E9F5E9F5E9F5E9F5E9F5E9F5E9F8B
:10FD90005E9F5E9F5E9F5E9F5E9F5E9F5E9F5E9F7B
:10FDA0005E9F5E9F5E9F5E9F5E9F5E9F5E9F5E9F6B
:10FDB0005E9F5E9F5E9F5E9F5E9F5E9F5E9F5E9F5B
:10FDC0005E9F5E9F5E9F5E9F5E9F5E9F5E9F5E9F4B
:10FDD0005E9F5E9F5E9F5E9F5E9F5E9F5E9F5E9F3B
:10FDE0005E9F5E9F5E9F5E9F5E9F5E9F5E9F5E9F2B
:10FDF0005E9F5E9F5E9F5E9F5E9F5E9F5E9F5E9F1B
:10FE00005E9F5E9F5E9F5E9F5E9F5E9F5E9F5E9F0A
:10FE10005E9F5E9F5E9F5E9F5E9F5E9F5E9F5E9FFA
:10FE20005E9F5E9F5E9F5E9F5E9F5E9F5E9F5E9FEA
:10FE30005E9F5E9F5E9F5E9F5E9F5E9F5E9F5E9FDA
:10FE40005E9F5E9F5E9F5E9F5E9F5E9F5E9F5E9FCA
:10FE50005E9F5E9F5E9F5E9F5E9F5E9F5E9F5E9FBA
:10FE60005E9F5E9F5E9F5E9F5E9F5E9F5E9F5E9FAA
:10FE70005E9F5E9F5E9F5E9F22F720FF20FF20FF18
:10FE800020FF20FF20FF24F72ADF31C738B75E9F0D
:10FE90005E9F5E9F5E9F5E9F26EF2BDF32C738AF6F
:10FEA0005E9F5E9F5E9F5E9F5E9F5E9F5E9F5E9F6A
:10FEB0005E9F5E9F5E9F5E9F5E9F2DD720FF20FF0F
:10FEC00020FF20FF20FF20FF21FF29E736B75E9F9C
:10FED0005E9F5E9F5E9F5E9F5E9F5E9F5E9F5E9F3A
:10FEE0005E9F5E9F5E9F5E9F5E9F5E9F5E9F5E9F2A
:10FEF0005E9F5E9F5E9F5E9F5E9F5E9F5E9F5E9F1A
:10FF00005E9F5E9F5E9F5E9F5E9F5E9F5E9F5E9F09
:10FF10005E9F5E9F5E9F5E9F5E9F5E9F5E9F5E9FF9
:10FF20005E9F5E9F5E9F5E9F5E9F5E9F5E9F5E9FE9
:10FF30005E9F5E9F5E9F5E9F5E9F5E9F5E9F5E9FD9
:10FF40005E9F5E9F5E9F5E9F5E9F5E9F5E9F5E9FC9
:10FF50005E9F5E9F5E9F5E9F5E9F5E9F5E9F5E9FB9
:10FF60005E9F5E9F5E9F5E9F5E9F5E9F5E9F5E9FA9
:10FF70005E9F5E9F5E9F5E9F5E9F5E9F5E9F5E9F99
:10FF80005E9F5E9F5E9F5E9F5E9F5E9F5E9F5E9F89
:10FF90005E9F5E9F5E9F5E9F5E9F5E9F5E9F5E9F79
:10FFA0005E9F5E9F5E9F5E9F5E9F5E9F5E9F5E9F69
:10FFB0005E9F5E9F5E9F5E9F5E9F5E9F5E9F5E9F59
:10FFC0005E9F5E9F5E9F5E9F5E9F5E9F5E9F5E9F49
:10FFD0005E9F5E9F5E9F5E9F5E9F5E9F5E9F5E9F39
:10FFE0005E9F5E9F5E9F5E9F5E9F5E9F5E9F5E9F29
:10FFF0005E9F5E9F5E9F5E9F5E9F5E9F5E9F5E9F19
:020000040801F1
:100000005E9F5E9F5E9F5E9F29E727E72BDF30CFD5
:1000100034BF38AF5E9F5E9F5E9F5E9F5E9F5E9F18
:100020005E9F5E9F5E9F5E9F5E9F5E9F5E9F5E9FE8
:100030005E9F5E9F5E9F5E9F5E9F5E9F5E9F5E9FD8
:100040005E9F5E9F5E9F5E9F5E9F34BF20FF21FF8D
:1000500027E72DD732C738B75E9F5E9F5E9F5E9FB2
:100060005E9F5E9F5E9F5E9F5E9F5E9F5E9F5E9FA8
:100070005E9F5E9F5E9F5E9F5E9F5E9F5E9F5E9F98
:100080005E9F5E9F5E9F5E9F5E9F5E9F5E9F5E9F88
:100090005E9F5E9F5E9F5E9F5E9F5E9F5E9F5E9F78
:1000A0005E9F5E9F5E9F5E9F5E9F5E9F5E9F5E9F68
:1000B0005E9F5E9F5E9F5E9F5E9F5E9F5E9F5E9F58
:1000C0005E9F5E9F5E9F5E9F5E9F5E9F5E9F5E9F48
:1000D0005E9F5E9F5E9F5E9F5E9F5E9F5E9F5E9F38
:1000E0005E9F5E9F5E9F5E9F5E9F5E9F5E9F5E9F28
:1000F0005E9F5E9F5E9F5E9F5E9F5E9F5E9F5E9F18
:100100005E9F5E9F5E9F5E9F5E9F5E9F5E9F5E9F07
:100110005E9F5E9F5E9F5E9F5E9F5E9F5E9F5E9FF7
:100120005E9F5E9F5E9F5E9F5E9F5E9F5E9F5E9FE7
:100130005E9F5E9F5E9F5E9F5E9F5E9F5E9F5E9FD7
:100140005E9F5E9F5E9F5E9F5E9F5E9F5E9F5E9FC7
:100150005E9F5E9F5E9F5E9F5E9F5E9F5E9F5E9FB7
:100160005E9F5E9F5E9F5E9F5E9F5E9F5E9F5E9FA7
:100170005E9F5E9F5E9F5E9F5E9F5E9F5E9F5E9F97
:100180005E9F5E9F5E9F5E9F5E9F5E9F5E9F5E9F87
:100190005E9F5E9F5E9F5E9F5E9F5E9F5E9F5E9F77
:1001A0005E9F5E9F5E9F5E9F5E9F5E9F5E9F5E9F67
:1001B0005E9F5E9F5E9F5E9F5E9F5E9F5E9F5E9F57
:1001C0005E9F5E9F5E9F5E9F5E9F5E9F5E9F5E9F47
:1001D0005E9F5E9F5E9F5E9F5E9F5D9F39AF5E9F4D
:1001E0005E9F5E9F5E9F5E9F5E9F5E9F5E9F5E9F27
:1001F0005E9F5E9F5E9F5E9F5E9F5E9F5E9F5E9F17
:100200005E9F5E9F5E9F5E9F5E9F5E9F5E9F5E9F06
:100210005E9F5E9F5E9F5E9F5E9F5E9F5E9F5E9FF6
:100220005E9F5E9F5E9F5E9F5E9F5E9F5E9F5E9FE6
:100230005E9F5E9F5E9F5E9F5E9F5E9F5E9F5E9FD6
:100240005E9F5E9F5E9F5E9F5E9F5E9F5E9F5E9FC6
:100250005E9F5E9F5E9F5E9F5E9F5E9F5E9F5E9FB6
:100260005E9F5E9F5E9F5E9F5E9F5E9F5E9F5E9FA6
:100270005E9F5E9F5E9F5E9F5E9F5E9F5E9F5E9F96
:100280005E9F5E9F5E9F5E9F5E9F5E9F5E9F5E9F86
:100290005E9F5E9F5E9F5E9F5E9F5E9F5E9F5E9F76
:1002A0005E9F5E9F5E9F5E9F5E9F5E9F5E9F5E9F66
:1002B0005E9F5E9F5E9F5E9F5E9F5E9F5E9F5E9F56
:1002C0005E9F5E9F5E9F5E9F5E9F5E9F5E9F5E9F46
:1002D0005E9F5E9F5E9F5E9F5E9F5E9F5E9F5E9F36
:1002E0005E9F5E9F5E9F5E9F5E9F5E9F5E9F5E9F26
:1002F0005E9F5E9F5E9F5E9F5E9F5E9F5E9F5E9F16
:100300005E9F5E9F5E9F5E9F5E9F5E9F5E9F5E9F05
:100310005E9F5E9F5E9F5E9F5E9F5E9F5E9F5E9FF5
:100320005E9F5E9F5E9F5E9F5E9F5E9F5E9F5E9FE5
:100330005E9F5E9F5E9F5E9F5E9F5E9F5E9F5E9FD5
:100340005E9F5E9F5E9F5E9F5E9F5E9F5E9F5E9FC5
:100350005E9F5E9F5E9F5E9F5E9F5E9F5E9F5E9FB5
:100360005E9F5E9F5E9F5E9F5E9F5E9F5E9F5E9FA5
:100370005E9F5E9F5E9F5E9F5E9F5E9F5E9F5E9F95
:100380005E9F5E9F5E9F5E9F5E9F5E9F5E9F5E9F85
:100390005E9F5E9F5E9F5E9F5E9F5E9F5E9F5E9F75
:1003A0005E9F5E9F5E9F5E9F5E9F5E9F5E9F5E9F65
:1003B0005E9F5E9F5E9F5E9F5E9F5E9F5E9F5E9F55
:1003C0005E9F5E9F5E9F5E9F5E9F5E9F5E9F5E9F45
:1003D0005E9F5E9F5E9F5E9F5E9F5E9F5E9F5E9F35
:1003E0005E9F5E9F5E9F5E9F5E9F5E9F5E9F5E9F25
:1003F0005E9F5E9F5E9F5E9F5E9F5E9F5E9F5E9F15
:100400005E9F5E9F5E9F5E9F5E9F5E9F5E9F5E9F04
:100410005E9F5E9F5E9F5E9F5E9F5E9F5E9F5E9FF4
:100420005E9F5E9F5E9F5E9F5E9F5E9F5E9F5E9FE4
:100430005E9F5E9F5E9F5E9F5E9F5E9F5E9F5E9FD4
:100440005E9F5E9F5E9F5E9F5E9F5E9F5E9F5E9FC4
:100450005E9F5E9F5E9F5E9F5E9F5E9F5E9F5E9FB4
:100460005E9F5E9F5E9F5E9F5E9F5E9F5E9F5E9FA4
:100470005E9F5E9F5E9F5E9F5E9F5E9F5E9F5E9F94
:100480005E9F5E9F5E9F5E9F5E9F5E9F5E9F5E9F84
:100490005E9F5E9F5E9F5E9F5E9F5E9F5E9F5E9F74
:1004A0005E9F5E9F5E9F5E9F5E9F5E9F5E9F5E9F64
:1004B0005E9F5E9F5E9F5E9F5E9F5E9F5E9F5E9F54
:1004C0005E9F5E9F5E9F5E9F5E9F5E9F5E9F5E9F44
:1004D0005E9F5E9F5E9F5E9F5E9F5E9F5E9F5E9F34
:1004E0005E9F5E9F5E9F5E9F5E9F5E9F5E9F5E9F24
:1004F0005E9F5E9F5E9F5E9F5E9F5E9F5E9F5E9F14
:100500005E9F5E9F5E9F5E9F5E9F5E9F5E9F5E9F03
:100510005E9F5E9F5E9F5E9F5E9F5E9F5E9F5E9FF3
:100520005E9F5E9F5E9F5E9F5E9F5E9F5E9F5E9FE3
:100530005E9F5E9F5E9F5E9F5E9F5E9F5E9F5E9FD3
:100540005E9F5E9F5E9F5E9F5E9F5E9F5E9F5E9FC3
:100550005E9F5E9F5E9F5E9F5E9F5E9F5E9F5E9FB3
:100560005E9F5E9F5E9F5E9F5E9F5E9F5E9F5E9FA3
:100570005E9F5E9F5E9F5E9F5E9F5E9F5E9F5E9F93
:100580005E9F5E9F5E9F5E9F5E9F5E9F5E9F5E9F83
:100590005E9F5E9F5E9F5E9F5E9F5E9F5E9F5E9F73
:1005A0005E9F5E9F5E9F5E9F5E9F5E9F5E9F5E9F63
:1005B0005E9F5E9F5E9F5E9F5E9F5E9F5E9F5E9F53
:1005C0005E9F5E9F5E9F5E9F5E9F5E9F5E9F5E9F43
:1005D0005E9F5E9F5E9F5E9F5E9F5E9F5E9F5E9F33
:1005E0005E9F5E9F5E9F5E9F5E9F5E9F5E9F5E9F23
:1005F0005E9F5E9F5E9F5E9F5E9F5E9F5E9F5E9F13
:100600005E9F5E9F5E9F5E9F5E9F5E9F5E9F5E9F02
:100610005E9F5E9F5E9F5E9F5E9F5E9F5E9F5E9FF2
:100620005E9F5E9F5E9F5E9F5E9F5E9F5E9F5E9FE2
:100630005E9F5E9F5E9F5E9F5E9F5E9F5E9F5E9FD2
:100640005E9F5E9F5E9F5E9F5E9F5E9F5E9F5E9FC2
:100650005E9F5E9F5E9F5E9F5E9F5E9F5E9F5E9FB2
:100660005E9F5E9F5E9F5E9F5E9F5E9F5E9F5E9FA2
:100670005E9F5E9F5E9F5E9F5E9F5E9F5E9F5E9F92
:100680005E9F5E9F5E9F5E9F5E9F5E9F5E9F5E9F82
:100690005E9F5E9F5E9F5E9F5E9F5E9F5E9F5E9F72
:1006A0005E9F5E9F5E9F5E9F5E9F5E9F5E9F5E9F62
:1006B0005E9F5E9F5E9F5E9F5E9F5E9F5E9F5E9F52
:1006C0005E9F5E9F5E9F5E9F5E9F5E9F5E9F5E9F42
:1006D0005E9F5E9F5E9F5E9F5E9F5E9F5E9F5E9F32
:1006E0005E9F5E9F5E9F5E9F5E9F5E9F5E9F5E9F22
:1006F0005E9F5E9F5E9F5E9F5E9F5E9F5E9F5E9F12
:100700005E9F5E9F5E9F5E9F5E9F5E9F5E9F5E9F01
:100710005E9F5E9F5E9F5E9F5E9F5E9F5E9F5E9FF1
:100720005E9F5E9F5E9F5E9F5E9F5E9F5E9F5E9FE1
:100730005E9F5E9F5E9F5E9F5E9F5E9F5E9F5E9FD1
:100740005E9F5E9F5E9F5E9F5E9F5E9F5E9F5E9FC1
:100750005E9F5E9F5E9F5E9F5E9F5E9F5E9F5E9FB1
:100760005E9F5E9F5E9F5E9F5E9F5E9F5E9F5E9FA1
:100770005E9F5E9F5E9F5E9F5E9F5E9F5E9F5E9F91
:100780005E9F5E9F5E9F5E9F5E9F5E9F5E9F5E9F81
:100790005E9F5E9F5E9F5E9F5E9F5E9F5E9F5E9F71
:1007A0005E9F5E9F5E9F5E9F5E9F5E9F5E9F5E9F61
:1007B0005E9F5E9F5E9F5E9F5E9F5E9F5E9F5E9F51
:1007C0005E9F5E9F5E9F5E9F5E9F5E9F5E9F5E9F41
:1007D0005E9F5E9F5E9F5E9F5E9F5E9F5E9F5E9F31
:1007E0005E9F5E9F5E9F5E9F5E9F5E9F5E9F5E9F21
:1007F0005E9F5E9F5E9F5E9F5E9F5E9F5E9F5E9F11
:100800005E9F5E9F5E9F5E9F5E9F5E9F5E9F5E9F00
:100810005E9F5E9F5E9F5E9F5E9F5E9F5E9F5E9FF0
:100820005E9F5E9F5E9F5E9F5E9F5E9F5E9F5E9FE0
:100830005E9F5E9F5E9F5E9F5E9F5E9F5E9F5E9FD0
:100840005E9F5E9F5E9F5E9F5E9F5E9F5E9F5E9FC0
:100850005E9F5E9F5E9F5E9F5E9F5E9F5E9F5E9FB0
:100860005E9F5E9F5E9F5E9F5E9F5E9F5E9F5E9FA0
:100870005E9F5E9F5E9F5E9F5E9F5E9F5E9F5E9F90
:100880005E9F5E9F5E9F5E9F5E9F5E9F5E9F5E9F80
:100890005E9F5E9F5E9F5E9FC82E002E802E3DB1A4
:1008A000C82E002E802E9103802EBCB0802EA30374
:1008B000C82E002E802E00B05030212E59F5103059
:1008C000212E6AF5802E3B0300000000081901006C
:1008D0002200750000100010D100B343802E00C12B
:1008E000802E00C1802E00C1802E00C1802E00C14C
:1008F000802E00C1802E00C1802E00C1802E00C13C
:10090000802E00C1802E00C1802E00C1802E00C12B
:10091000802E00C1802E00C1802E00C1802E00C11B
:10092000802E00C1802E00C1802E00C1802E00C10B
:10093000802E00C1802E00C1802E00C1802E00C1FB
:10094000802E00C1802E00C1802E00C1802E00C1EB
:10095000802E00C1802E00C1802E00C1802E00C1DB
:10096000802E00C1802E00C1802E00C1802E00C1CB
:10097000802E00C1802E00C1802E00C1802E00C1BB
:10098000802E00C1E05F00000000010000000000B8
:1009900000000000000092000000000000000000C5
:1009A000000000000000000008190000880000009E
:1009B0000000000005E0AA3805E09030FA0096003B
:1009C0004B091100110002002D01D47B3B01DB7AA1
:1009D00004003F7BCD6CC3048509C304ECE60C46E0
:1009E0000100270019009600A00001000C00F03C57
:1009F00000010100030001000E00000032000500AC
:100A0000EE060400C80000000400A805EE0600047D
:100A1000BC02B300850700000000000000000000D9
:100A200000000000000000000000B4000100B90058
:100A3000010098000000000000000000010080009C
:100A400004000000000000000000000000000000A2
:100A50000000000000000000000000000000000096
:100A60000000000000000000000000000000000086
:100A70000000000000000000000000000000000076
:100A80000000000000000000000000000000000066
:100A90000000802E00C1FD2DDE00EB00DA00000C0E
:100AA000FF0F0004C0005BF5C9011EF280003FFF8C
:100AB00019F458F566F564F5C0F1F000E000CD01D9
:100AC000D301DB01FF7FFF01E40074F7F300FA00BC
:100AD000FF3FCA036C3856FE44FDBC02F90600FC19
:100AE0001202AE0158FA9AFD7705BB0296019501F4
:100AF0007F0182018901870188018A018C018F01B0
:100B00008D0192019101DD009F017E01DB00B601A4
:100B1000706926D39C071F059D000008BC0537FAA5
:100B2000A201AA01A101A801A001A805B401B40174
:100B3000CE00D000FC00C501FFFBB1000038003042
:100B4000FDF5FCF5CD01A0005FFF0040FF00008037
:100B50006D0FEB007FFFC2F568F7B3F1670F5B0F16
:100B6000610F800F58F75BF7830F8600720F850FB8
:100B7000C6F17F0F6CF700E000FFD1F5870F8A0FF9
:100B8000FF03F03F8B008E009000B9002DF5CAF5F1
:100B9000CB0120F200000000000000000000000077
:100BA0000000000000000000000000000000000045
:100BB0000000000000000000000000000000000035
:100BC0000000000000000000000000000000000025
:100BD0000000000000000000000000000000000015
:100BE0000000000000000000000000000000000005
:100BF00000000000000000000000000000000000F5
:100C000000000000000000000000000000000000E4
:100C100000000000000000000000000000000000D4
:100C200000000000000000000000000000000000C4
:100C300000000000000000000000000000000000B4
:100C400000000000000000000000000000000000A4
:100C50000000000000000000000000000000000094
:100C60000000000000000000000000000000000084
:100C70003050982ED70E5032982EFA030030F07F65
:100C8000002E002ED02E002E018008A2FB2F982EC1
:100C9000BA03212E1900012EEE0000B2072F012EFB
:100CA000190000B2032F01500352982E07CC012ED9
:100CB000DD0000B2272F052E8A000552982EC7C1ED
:100CC000032EE90040B2F07F082F012E190000B278
:100CD000042F0030212EE900982EB4B1012E180007
:100CE00000B2102F0550982E4DC30550982E5AC7AC
:100CF000982EF9B4982E54B2982E67B6982E17B243
:100D00001030212E7700012EEF0000B2042F982E14
:100D10007AB70030212EEF00012ED40004AE0B2F45
:100D2000012EDD0000B2072F0552982E8E0E00B264
:100D3000022F1030212E7D00012E7D000090902E7C
:100D4000F102012ED70000B2042F982E2F0E003092
:100D5000212E7B00012E7B0000B2122F012ED40029
:100D60000090022F982E1F0E092D982E810D012E16
:100D7000D4000490022F5032982EFA030030212E16
:100D80007B00012E7C0000B2902E0903012E7C0016
:100D90000131010800B2042F982E47CB1030212ECC
:100DA00077008130012E7C00010800B2612F032EF4
:100DB0008900012ED40098BC98B805B20F58232F93
:100DC000079009540030372F15410441DCBE44BE62
:100DD000DCBA2C0161000F564A0F0C2FD14294B897
:100DE000C1421130052E6AF72CBD2FB980B20822FE
:100DF000982EC3B7212D6130232ED400982EC3B76F
:100E00000030212E5AF5182DE17F5030982EFA032C
:100E10000F520750504270300D5442427E82E26FB2
:100E200080B24242052F212ED4001030982EC3B735
:100E3000032D6030212ED400012ED4000690182FEF
:100E4000012E76000B540752E07F982E7AC1E16F95
:100E5000081A4030082F212ED4002030982EAFB72A
:100E60005032982EFA03052D982E380E0030212E80
:100E7000D4000030212E7C00182D012ED40003AAAE
:100E8000012F982E450E012ED4003F8003A2012F82
:100E9000002E022D982E5B0E3030982ECEB70030EB
:100EA000212E7D005032982EFA03012E770000B2D9
:100EB000242F982EF5CB032ED5001154010ABC84A3
:100EC0008386212EC901E0401352C4408240A8B954
:100ED000524243BE5342040A5042E17FF031414046
:100EE000F26F25BD0808020AD07F982EA8CF06BC55
:100EF000D16FE26F080A8042982E58B70030212E39
:100F0000EE00212E7700212EDD00802EF4011A2420
:100F10002200802EEC011050FB7F982EF3035750D7
:100F2000FB6F013071541142420EFC2FC02E014262
:100F3000F05F802E00C1FD2D0100000000000000C8
:100F4000000000009A0134030000000000000000CF
:100F50000000000000000000000000000000000091
:100F60000000000000000000000000000000000081
:100F70000000000000000000000000000000000071
:100F80000000000000000000000000000000000061
:100F90000000000000000000000000000000000051
:100FA0000000000000000000000000000000000041
:100FB000000000000000000000002050E77FF67FE6
:100FC00006320F2E61F5FE09C0B3042F17302F2E05
:100FD000EF002D2E61F5F66FE76FE05FC82E205011
:100FE000E77FF67F46300F2EA4F1BE0980B3062FAF
:100FF0000D2ED40084AF022F16302D2E7B008630AC
:101000002D2E60F5F66FE76FE05FC82E012E77F7A3
:1010100009BC0FB800B21050FB7F10300B2F032E0D
:101020008A0096BC9FB840B2052F032E68F79EBC7D
:101030009FB840B2072F032E7E004190012F982EBB
:10104000DC03032C0030212E7E00FB6FF05FB82EF6
:101050002050E07FFB7F002E2750982E3BC8295060
:10106000982EA7C80150982E55CCE16F2B50982E82
:10107000E0C9FB6F0030E05F212E7E00B82E735078
:10108000013057541142420EFC2FB82E212E59F533
:101090001030C02E212E4AF19050F77FE67FD57F89
:1010A000C47FB37FA17F907F827F7B7F982E35B7EF
:1010B00000B2902E97B0032E8F00072E9100052EC0
:1010C000B1003FBA9FB8012EB100A3BD4C0A052E56
:1010D000B10004BEBFB9CB0A4FBA22BD012EB30086
:1010E000DC0A2FB9032EB8000ABE9A0ACFB99BBCFE
:1010F000012E97009FB8930A0FBC910A0FB8900A6F
:10110000252E1800052EC1F52EBD2EB9012E190071
:1011100031308A040090072F012ED40004A2032F3F
:10112000012E180000B20C2F19500552982E4DB701
:10113000052E780080901030012F212E7800252E6A
:10114000DD00982E3EB700B202300130042F012E90
:10115000190000B2002F2130012EEA00081A0E2FCC
:10116000232EEA0033301B500B090140175646BEB0
:101170004B084C0A01420A8015520142002E012EF2
:10118000180000B21F2F032EC0F5F030480847AA00
:101190007430072E7A0061224B1A052F072E66F550
:1011A000BFBDBFB9C0900B2F1D562B30D242DB42C2
:1011B0000104C24204BDFE808184232E7A000242D3
:1011C0000232252E62F5052ED6008184252ED6000A
:1011D0000231252E60F5052E8A000B50900880B252
:1011E0000B2F052ECAF5F03E9008252ECAF5052EC8
:1011F00059F5E03F9008252E59F5906FA16FB36F18
:10120000C46FD56FE66FF76F7B6F826F705FC82E0C
:10121000C050907FE57FD47FC37FB17FA27F877F5F
:10122000F67F7B7F002E012E60F5607F982E35B70C
:101230000230636F1552507F627F5A2C02321A09B6
:1012400000B3142F00B2032F092E180000910C2FA9
:10125000437F982E97B71F50028A02320430252E02
:1012600064F51552506F436F4443252E60F5D9083D
:10127000C0B2362F982E3EB700B2062F012E1900AD
:1012800000B2022F506F00900A2F012E79000090BB
:10129000192F1030212E79000030982EDC03132DE9
:1012A000012EC3F50CBC0FB81230100403B0262574
:1012B00021500352982E4DB71030212EEE000230EF
:1012C000607F252E7900606F0090052F0030212E61
:1012D000EA001550212E64F51552232E60F50232D6
:1012E000506F0090022F0330272E7800072E60F5F4
:1012F0001A090091A32F19090091A02F906FA26FD6
:10130000B16FC36FD46FE56F7B6FF66F876F405F10
:10131000C82EC050E77FF67F26300F2E61F52F2EA6
:101320007C000F2E7C00BE09A27F807F80B3D57F1A
:10133000C47FB37F917F7B7F0B2F23501A251240F0
:10134000427F74821240527F002E0040607F982EB0
:101350006AD68130012E7C00010800B2422F032E94
:101360008900012E890097BC06BC9FB80FB8009079
:10137000232ED800103001302A2F032ED40044B27F
:10138000052F47B200302D2F212E7C002B2D032E50
:10139000FDF59EBC9FB84090142F032EFCF599BC20
:1013A0009FB840900E2F032E49F125544A084090D3
:1013B000082F982E35B700B21030032F5030212E51
:1013C000D400102D982EAFB70030212E7C000A2DAE
:1013D000052E69F72DBD2FB980B2012F212E7D007A
:1013E000232E7C00E031212E61F5F66FE76F806FD0
:1013F000A26FB36FC46FD56F7B6F916F405FC82EC4
:1014000060510A253688F47FEB7F0032315232304A
:101410001330982E15CB0A253384D27F43300550E4
:101420002D52982E95C1D26F2752982ED7C72A25B4
:10143000B086C07FD37FAF842950F16F982E4DC8FE
:101440002A25AE8AAA88F26E2B50C16FD36FF47F23
:10145000982EB6C8E06E00B2322F33548386F16FF7
:10146000C37F04303030F47FD07FB27FE330C56F6C
:1014700056404541280803140EB408BC8240100AA7
:101480002F542605917F4428A37F982ED9C008B9F0
:1014900033305309C16FD36FF46F831747406C1516
:1014A000B26FBE09750B90424542510E32BC0289A3
:1014B000A16F7E86F47FD07FB27F0430916FD62FEC
:1014C000EB6FA05EB82E032E97001BBC60509FBC34
:1014D0000CB8F07F40B2EB7F2B2F032E7F004140F2
:1014E000012EC800011A112F3758232EC8001041B1
:1014F000A07F38810141D07FB17F982E64CFD06F1B
:101500000780A16F1142002EB16F01421130012EF0
:10151000FC0000A80330CB224A25012E7F003C8925
:1015200035520554982EC4CEC16FF06F982E95CFCA
:10153000042D0130F06F982E95CFEB6FA05FB82E81
:10154000032EB3000232F030033130508A0808080D
:10155000CB08E07F80B2F37FDB7F252F032ECA000C
:101560004190042F0130232ECA00982E3F03C0B2B1
:10157000052F032EDA0000304104232EDA00982EC6
:1015800092B21025F06F00B2052F012EDA00023062
:101590001004212EDA0040B2012F232EC801DB6F88
:1015A000E06FD05F802E95CF0130E06F982E95CF01
:1015B0001130232ECA00DB6FD05FB82ED0500A2521
:1015C00033845550D27FE27F038CC07FBB7F0030D5
:1015D000055A39545141A57F967F807F982ED9C0F6
:1015E0000530F57F2025916F3B583D5C3B56982E8A
:1015F00067CCC16FD56F52405043C17FD57F102556
:10160000982EFEC91025982E74C0866F3028926FD0
:10161000828CA56F6F52690E3954DB2F19A01530DB
:10162000032F0030212E81010A2D012E8101052872
:101630004236212E8101020E012F982EF3035750BE
:1016400012300140982EFEC9516F0B5C8E0E3B6F1D
:1016500057580230212E9501456F2A8DD27FCB7FBE
:10166000132F02303F50D27FA80E0E2FC06F53545D
:1016700002005154420E103059520230012F002EF8
:10168000032D504242421230D27F80B2032F0030ED
:10169000212E8001122D012EC9000280052E80010D
:1016A000113091280040252E8001100E052F012EAB
:1016B0007F010190012F982EF303002EA04101908D
:1016C000A67F902EE3B4012E950100A8902EE3B4DE
:1016D0005B549580824080B202402D8C3F52967FB1
:1016E000902EC2B3290E762F012EC900004081280A
:1016F0004552B330982E0FCA5D54807F002EA14012
:10170000727F82808240607F982EFEC91025982EBD
:1017100074C0626F05308740C0910430052F052EDC
:10172000830180B21430002F0430052EC900736F7E
:101730008140E2406904110FE1401630FE29CB40A0
:10174000022F836F830F222F4756130F1230772FEC
:101750004954420E1230732F00910A2F012E8B0133
:1017600019A802306C2F6350002E17420542682CD6
:1017700012300B25080F5030022F212E8301032D2C
:101780004030212E83012B2E85015A2C12300091DE
:101790002B25042F635002301742172C0242982E3B
:1017A000FEC91025982E74C0052EC90081845B30B7
:1017B0008240372E8301020E072F5F524030624075
:1017C0004140910E012F212E830105302B2E8501E2
:1017D0001230362C16301525817F982EFEC9102523
:1017E000982E74C019A21630152F052E9701806F00
:1017F000820E052F012E86010628212E86010B2D33
:10180000032E87015F544E289142002E8240900E95
:10181000012F212E88010230132C0530C06F081CC7
:10182000A80F163005305B50092F02802D2E820143
:1018300005420580002E02423E80002E0642023004
:10184000906F3E88014004414C28014207801025DA
:101850002440004000A8F522232944427A827E8851
:101860004340044100ABF523DF284342D9A0142FA5
:101870000090022FD26F81B2052F63540628904248
:101880008542092C02305B500380292E7E012B2ECD
:101890008201054212302B2E83014582002E4040EA
:1018A0007A8202A0082F63503B30154205423780F0
:1018B000372E7E0105421230012EC900028C4040B5
:1018C00084417A8C040F032F012E8B0119A4042F5D
:1018D0002B2E8201982EF303123081906152082F33
:1018E000654265424380398482880542454285428B
:1018F0000543002E80410090902EE1B46554C16FE5
:10190000804000B243586950442F555CB7878C0F14
:101910000D2E9601C440362F41568B0E2A2F0B52A6
:10192000A10E0A2F052E8F011425982EFEC94B54A7
:10193000020F695005306554152F032E8E014D5C42
:101940008E0F3A2F052E8F01982EFEC94F54820F0D
:10195000053069506554302F6D521530428C454228
:1019600004302B2C84436B52428C002E854315305F
:10197000242C45428E0F202F0D2E8E01B10E1C2FD0
:10198000232E8E011A2D0E0E172FA10F152F232E89
:101990008D01132D982E74C04354C20E0A2F65502A
:1019A00004800B3006820B42798041401230252E94
:1019B0008C01014205306950655484824384BE8C99
:1019C0008440864126299442BE8ED57F19A143408A
:1019D0000B2E8C018440C7415D2927294542844252
:1019E000C27F012FC0B31D2F052E940199A0012F96
:1019F00080B3132F80B3182FC0B3162F12400140AD
:101A0000927F982E74C0926F100F2030032F1030E9
:101A1000212E7E010A2D212E7E01072D2030212E20
:101A20007E01032D1030212E7E01C26F012EC900D0
:101A3000BC84028082400040900ED56F022F15308A
:101A4000982EF30341910530072F67503D802B2ED0
:101A50008F0105420480002E0542022C0030003028
:101A6000A26F988A864080A7052F982EF303C03076
:101A7000212E950106251A25E26F7682964056435F
:101A8000510EFB2FBB6F305FB82E012EB800013115
:101A9000410840B22050F2300208FB7F0130102F85
:101AA000052ECC008190E07F032F232ECC00982EB2
:101AB00055B6982E1DB51025FB6FE06FE05F802EA8
:101AC00095CF982E95CF1030212ECC00FB6FE05F84
:101AD000B82E00510558EB7F2A2589526F5A89503C
:101AE00013410640B3011642CB160640F3021342DF
:101AF000650EF52F054014302C29044208A1003052
:101B0000902E52B6B388B08AB684A47FC47FB57FC6
:101B1000D57F927F73300430554042408A17F308D6
:101B20006B01900253B84B82ADBE717F450A0954D8
:101B3000847F982ED9C0A36F7B54D042A37FF27FBD
:101B4000607F2025716F755A7758795C7556982E8D
:101B500067CCB16F626F5042B17FB3301025982EC1
:101B60000FCA846F2029716F926FA56F76826A0EFB
:101B700073300030D02FD26FD17FB47F982E2BB727
:101B800015BD0BB8020AC26FC07F982E2BB715BDCA
:101B90000BB8420AC06F081741188916E118D0180F
:101BA000A17F27251625982E79C08B54907FB330BE
:101BB000824080900D2F7D52926F982E0FCAB26F87
:101BC000900E062F8B501430426F516F1442124208
:101BD0000142002E316F982E74C0416F807F982E85
:101BE00074C0826F10044352010F052ECB000030E9
:101BF0000430212F516F43588C0E04301C2F8588E0
:101C0000416F04418C0F0430162F8488002E04414C
:101C100004058C0E04300F2F8288316F04410405B7
:101C20008C0E0430082F8388002E04418C0F043062
:101C3000022F212EAD0114300091142F032EA1018B
:101C400041900E2F032EAD0114304C28232EAD01F0
:101C500046A0062F81848D5248828240212EA10108
:101C600042425C2C0230052EAA0180B20230552F70
:101C7000032EA901926FB330982E0FCAB26F900F46
:101C8000003002304A2FA26F875291008552510EC8
:101C9000022F002E432C0230C26F7F52910E023071
:101CA0003C2F516F8154982EFEC91025B330212549
:101CB000982E0FCA326FC07FB3301225982E0FCAEC
:101CC000426FB07FB3301225982E0FCAB26F9028A2
:101CD0008352982EFEC9C26F900F003002301D2F24
:101CE000052EA10180B212300F2F426F032EAB01DF
:101CF000910E0230122F526F032EAC01910F023061
:101D00000C2F212EAA010A2C1230032ECB008D5845
:101D10000889414011430043252EA101D46F8F5201
:101D200000433A89002E10431043610EFB2F032E0F
:101D3000A001111A022F0225212EA001EB6F005FD6
:101D4000B82E915210300230955652424B0EFC2F55
:101D50008D54888293568042534240424286835437
:101D6000C02EC242002EA3520051524047401A25B5
:101D7000012E97008FBE7286FB7F0B307CBFA55073
:101D80001008DFBA7088F8BFCB42D37F6CBBFCBBB6
:101D9000C50A907F1B7F0B43C0B2E57FB77FA67F4C
:101DA000C47F902E1CB7072ED200C0B20B2F9752C3
:101DB000012ECD00827F982EBBCC0B30372ED20067
:101DC000826F906F1A2500B28B7F142FA6BD25BDA0
:101DD000B6B92FB980B2D4B00C2F99549B560B30A2
:101DE0000B2EB100A1589B42DB426C092B2EB10097
:101DF0008B42CB42867F7384A756C3083952055065
:101E0000727F637F982EC2C0E16F626FD10A012E8C
:101E1000CD00D56FC46F726F97529D5C982E06CD22
:101E2000236F906F9952C0B204BD5440AFB9454082
:101E3000E17F0230062FC0B20230032F9B5C1230CC
:101E40009443854303BF6FBB80B3202F066F2601E9
:101E5000166F6E034542C090292ECE009B52142F60
:101E60009B5C002E93418641E304AE0780AB042FB8
:101E700080910A2F866F730F072F836FC0B2042FD4
:101E8000544245421230042C1130022C11301130D2
:101E900002BC0FB8D27F00B20A2F012EFC00052E23
:101EA000C701101A022F212EC701032D022C013069
:101EB0000130B06F982E95CFD16FA06F982E95CF2F
:101EC000E26F9F52012ECE00824050420C2C4242C3
:101ED0001130232ED2000130B06F982E95CFA06F15
:101EE0000130982E95CF002EFB6F005FB82E8386B1
:101EF00001300030944024180600530E4F02F92F91
:101F0000B82EA952002E604041400DBC98BCC02E96
:101F1000010A0FB8AB52533C524040404B0082166E
:101F200026B901B84140100897B80108C02E1130F9
:101F30000108438625400440D8BE2C0B2211544290
:101F400003804B0EF62FB82E9F501050AD52052E29
:101F5000D300FB7F002E13409342410EFB2F982E9F
:101F6000A5B7982E87CF012ED90000B2FB6F0B2F9B
:101F7000012E69F7B13F01080130F05F232ED9002F
:101F8000212E69F7802E7AB7F05FB82E012EC0F8A7
:101F9000032EFCF51554AF5682080B2E69F7CB0AB9
:101FA000B1588090DDBE4C085FB959228090072F50
:101FB0000334C308F23A0A080235C0904A0A48229C
:101FC000C02E232EFCF51050FB7F982E56C7982E5E
:101FD00049C31030FB6FF05F212ECC00212ECA00C8
:101FE000B82E032ED30016B802344A0C212E2DF53C
:101FF000C02E232ED30003BC212ED500032ED500E6
:1020000040B21030212E77000130052F052ED80068
:102010008090012F232E6FF5C02E212ED900113074
:102020008108012E6AF7713F23BD0108020AC02E04
:10203000212E6AF730250030212E5AF51050212E1E
:102040007B00212E7C00FB7F982EC3B74030212ED1
:10205000D400FB6FF05F0325802EAFB7802E00C148
:10206000802E00C1802E00C1802E00C1802E00C1B4
:10207000802E00C1802E00C1802E00C1802E00C1A4
:10208000802E00C1802E00C1802E00C1802E00C194
:10209000802E00C1802E00C1012E5DF708BC80ACEF
:1020A0000EBB022F003041048206C0A40030112F65
:1020B00040A9032F40910D2F00A70B2F80B3B358D9
:1020C000022F90A12613202380901030012FCC0ED8
:1020D000002F0030B82EB550180808BC88B60D1770
:1020E000C6BD56BCB758DABA04011D0A10500530F7
:1020F00032254503FB7FF6302125982E37CA16B5C9
:102100009ABC06B880A8410A0E2F8090022F2D504D
:10211000480F092FBFA0042FBF90062FB754CA0F36
:10212000032F002E022CB7522D52F233982ED9C015
:10213000FB6FF137C02E0108F05FBF56B954D04095
:10214000C4400B2EFDF3BF5290429442954205309D
:10215000C1500F88064004419642C54248BE7330C4
:102160000D2ED8004FBA8442034281B3022F2B2E8A
:102170006FF5062D052E77F7BD569308252E77F7B8
:10218000BB54252EC2F5072EFDF34230B433DA0AD4
:102190004C00272EFDF34340D43FDC084342002E81
:1021A000002E43402430DC0A43420480032EFDF31A
:1021B0004A0A232EFDF36134C02E0142002E6050E6
:1021C0001A257A86E07FF37F0325C3524184DB7FA3
:1021D0003330982E16C21A257D82F06FE26F3225B9
:1021E00016409440260185408E17C4426E039542E6
:1021F000410EF42FDB6FA05FB82EB051FB7F982EFD
:10220000E80D5A25982E0F0ECB583287C47F65896A
:102210006B8DC55A657FE17F837FA67F747FD07FFA
:10222000B67F947F1730C752C954517F002E856FF7
:10223000427F002E51414581424113403B8A00407C
:102240004B04D006C0AC857F022F02305104D30668
:10225000418405305D02C916DF08D3008D02AFBC92
:10226000B1B9590A656F1143A1B4524153410143B9
:10227000347F657F2631E56FD46F982E37CA326F71
:10228000756F83404241237F127FF63040255125F0
:10229000982E37CA146F2005706F256F6907A26FDB
:1022A000316F0B3004429B428B425542327F40A932
:1022B000C36F717F0230D040C37F032F4091152F31
:1022C00000A7132F00A4112F84BD982E79CA556F33
:1022D000B75454418200F33F4541CB02F630982E6B
:1022E00037CA356FA46F4143032C0043A46F356F89
:1022F0001730426F516F934042820041C300034345
:10230000517F002E944041414C02C46FD156630E60
:10231000746F5143A57F8A2F092ED80001B3212F56
:10232000CB58906F1341B66FE47F002E914114405B
:1023300092411540172E6FF5B67FD07FCB7F982E38
:10234000000C0715C26F140B292E6FF5C3A3C18FA4
:10235000E46FD06FE62F1430052E6FF5140B292E85
:102360006FF5182DCD560432B56F1C015141524105
:10237000C340B57FE47F982E1F0CE46F2187004394
:102380000432CF545A0EEF2F1554092E77F7220B33
:10239000292E77F7FB6F505EB82E1050012ED40017
:1023A00000B2FB7F512F01B2482F02B2422F03909F
:1023B000562FD75279804240818400404242982E65
:1023C000930CD954D750A14098BD82403E82DA0A7E
:1023D00044408B16E3005342002E43409A0252427F
:1023E000002E414015544A0E3A2F3A8200304140A7
:1023F000212E850F40B20A2F982EB10C982E450E33
:10240000982E5B0EFB6FF05F0030802ECEB7DD5252
:10241000D35442424F847330DB5283421B306B42B1
:102420002330272ED700372ED400212ED6007A84D1
:10243000172C42423030212ED400122D2130003092
:10244000232ED400212E7BF70B2D1730982E510C04
:10245000D5500C8272302F2ED400252E7BF74042AF
:10246000002EFB6FF05FB82E70500A253986FB7F77
:10247000E1326230982EC2C4B556A56FAB08916F99
:102480004B08DF56C46F23094DBA93BC8C0BD16F38
:102490000B09CB52E15E5642AF094DBA23BD940AF7
:1024A000E56F68BBEB08BDB963BEFB6F5242E30A40
:1024B000C02E4342905FD150032E25F313400040BD
:1024C0009BBC9BB408BDB8B998BCDA0A08B689169B
:1024D000C02E190062021050FB7F982E810D012E34
:1024E000D40031300804FB6F0130F05F232ED6009A
:1024F000212ED700B82E012ED700032ED600480E6D
:10250000012F802E1F0EB82EE3502134014282305D
:10251000C132252E62F50100223001404A0A0142F3
:10252000B82EE354F03B8340D808E5528342003094
:1025300083305042C432272E64F59400504240420A
:10254000D33F84407D82E30840428342B82EDD526F
:10255000003040427C86B952092E700FBF54C442ED
:10256000D3865440554094428542212ED7004240A4
:10257000252EFDF3C0427E82052E7D0080B2142FF1
:10258000052E890027BD2FB98090022F212E6FF5CF
:102590000C2D072E710F14301C09052E77F7BD5630
:1025A00047BE9308940A252E77F7E75450424A0E07
:1025B000FC2FB82E505002304386E550FB7FE37F5E
:1025C000D27FC07FB17F002E414000404804982E4A
:1025D00074C01EAAD36F1430B16FE322C06F524093
:1025E000E46F4C0E1242D37FEB2F032E860F4090E8
:1025F0001130032F232E860F022C0030D06FFB6F7B
:10260000B05FB82E4050F17F0A253C86EB7F413306
:102610002230982EC2C4D36FF430DC094758C26F01
:102620009409EB586ABBDC08B4B9B1BDE95A950806
:1026300021BDF6BF770B51BEF16FEB6F5242544292
:10264000C02E4342C05F5050F55031301142FB7FE5
:102650007B300B4211300280233301420300072EEE
:102660008003052ED3002352E27FD37FC07F982EB4
:10267000B60ED16F080A1A257B86D07F013312303F
:10268000982EC2C4D16F080A00B20D2FE36F012E3D
:1026900080035130C786232E21F208BCC042982EF9
:1026A000A5B7002E002ED02EB06F0BB8032E1B0046
:1026B000081AB07F7030042F212E21F2002E002E38
:1026C000D02E982E6DC0982E5DC0ED50982E44CB24
:1026D000EF50982E46C3F150982E53C73550982E80
:1026E00064CF1030982EDC032026C06F02311242D6
:1026F000AB330B42378001300142F337F752FB50C6
:102700004440A20A42428B31092E5EF7F954E30895
:1027100083421B4223334B00BC840B403330834243
:102720000B42E07FD17F982E58B7D16F8030404266
:102730000330E06FF3540430002E002E0189620E46
:10274000FA2F43421130FB6FC02E0142B05FC14AE5
:1027500000006D570000778E0000E0FFFFFFD3FF01
:10276000FFFFE5FFFFFFEEE1FFFF7C13000046E601
:10277000FFFF00000000000000000000000000005B
:102780000000000000000000000000000000000049
:102790000000000000000000000000000000000039
:1027A000000000000000000000000000802E00C1BA
:1027B000802E00C1802E00C1802E00C1802E00C15D
:1027C000802E00C1802E00C1802E00C1802E00C14D
:1027D000802E00C1802E00C1802E00C1802E00C13D
:1027E000802E00C1802E00C1802E00C1802E00C12D
:1027F000802E00C1802E00C1802E00C1802E00C11D
:10280000802E00C1802E00C1802E00C1802E00C10C
:10281000802E00C1802E00C1802E00C1802E00C1FC
:10282000802E00C1802E00C1802E00C1802E00C1EC
:10283000802E00C1802E00C1802E00C1802E00C1DC
:10284000802E00C1802E00C1802E00C1802E00C1CC
:10285000802E00C1802E00C1802E00C1802E00C1BC
:10286000802E00C1802E00C1802E00C1802E00C1AC
:10287000802E00C1802E00C1802E00C1802E00C19C
:10288000802E00C1802E00C1802E00C1802E00C18C
:10289000802E00C1802E00C100000000000000005A
:1028A0000000000000000000000000000000000028
:1028B0000000000000000000000000000000000018
:1028C000000000000000000000000000E003E00342
:1028D000E003E003E003E003E003E003C003C00320
:1028E000C001C001C001C001C00100000000000023
:1028F000E003E003E003000000000000000000002F
:102900003C1E3C1E3C1E3C1E3C1E3C1E3C1E000051
:1029100000000000000000000000000000000000B7
:1029200000000000000000000000000000000000A7
:1029300000000000CE01CE03DE039E039C039C0733
:10294000FF3FFF7F3807380F780F780F780EFFFFB3
:10295000FFFFF01EF01CE01CE03CE03DE039000011
:102960000000000000000000FC03FE0FEE1FE01E50
:10297000E01EE01EE01EE01FE00FE007F003FC0198
:10298000FE01FE01FE01FE01FE01FE01FE3DFC3FD7
:10299000F00FE001E001000000000000033E07F737
:1029A0008FE78EE79EE3BCE3B8E7F8E7F0F7E03F98
:1029B000C001FF03FF07F307F30FF31EF33CF338E7
:1029C000F3787FF03FE0000000000000000000000E
:1029D000E007F80F780F781F781F781F780FF00F37
:1029E000E00F801FC37FC3FBE7F3F7F1F7F0FFF0C1
:1029F0007FF03EF87F7CFF3FEF1F000000000000EB
:102A000000000000E003E003E003E003E003C00394
:102A1000C0010000000000000000000000000000F5
:102A200000000000000000000000000000000000A6
:102A300000000000000000003F007C00F001E00109
:102A4000C003C00780078007800F000F000F000F32
:102A5000000F000F000F800F80078007C007C00322
:102A6000E001F0017C003F000F000000007E001F2D
:102A7000C007C003E001F001F000F000F8007800AA
:102A800078007800780078007800F800F000F00016
:102A9000F001E001C003C007001F007E00780000C5
:102AA000E003C003C001CE39FF3F7F3F2003700326
:102AB000F807780F3C1F38060000000000000000F7
:102AC0000000000000000000000000000000000006
:102AD00000000000000000000000000000000000F6
:102AE000C001C001C001C001C001C001C001FFFFA1
:102AF000FFFFC001C001C001C001C001C001000052
:102B000000000000000000000000000000000000C5
:102B100000000000000000000000000000000000B5
:102B200000000000000000000000E003E003E003FC
:102B3000E003E001E001E001C001800300000000CB
:102B40000000000000000000000000000000000085
:102B50000000FE3FFE3F00000000000000000000FB
:102B60000000000000000000000000000000000065
:102B70000000000000000000000000000000000055
:102B80000000000000000000000000000000000045
:102B90000000E003E003E003E003000000000000A9
:102BA000000000000F000F001E001E003C003C0053
:102BB00078007800F000F000E001E001C003C003FD
:102BC00080078007000F000F001E001E003C003C25
:102BD0000078007800F00000F007F80F7C1F3E3E00
:102BE0001E3C1F7C1F7C0F780F780F780F780F78B2
:102BF0000F780F781F7C1F7C1E3C3E3E7C1FF80F19
:102C0000F00700000000000000000000F000F007E6
:102C1000F03FF03FF001F001F001F001F001F001B0
:102C2000F001F001F001F001F001F001F001F0011C
:102C3000F001FF3FFF3F0000000000000000000027
:102C4000E00FF83F7C3C3C003E003E003E003C0074
:102C50003C007C00F800F001E003C0078007000F93
:102C6000001E003E003CFE3FFE3F00000000000052
:102C700000000000F00FF81F7C1C3E003E003E00EC
:102C80003C003C00F800F00FF80F7C003E001E00F6
:102C90001E001E001E003E007C1CF81FE01F0000EE
:102CA00000000000000000007800F800F800F801C3
:102CB000F803F807F807780F781E781E783C7878C4
:102CC0007878FFFFFFFF78007800780078007800C0
:102CD000780000000000000000000000FC1FFC1F46
:102CE000FC1F001E001E001E001E001EE01FF81F1D
:102CF000FC007C003E003E001E003E003E003C000A
:102D00007C1CF81FE01F0000000000000000000015
:102D1000FC01FE078E0F001F001E003E003C003C21
:102D2000F83DFC3F3E7F1F7E0F3C0F3C0F3C0F3CAD
:102D30000F3E1F1E3E1FFC0FF003000000000000AE
:102D400000000000FF3FFF3FFF3F0F001E001E007E
:102D50003C0038007800F000F000E001E001C00322
:102D6000C0038007800F800F000F001F001F0000AE
:102D70000000000000000000F807FC0F3E1F1E1EB0
:102D80001E3E1E3E1E1E3C1FF80FF007F80FFC1ED5
:102D90003E3E1F3C1F7C0F7C0F7C1F3C3E3FFC1FB8
:102DA000F00700000000000000000000F007F80F2E
:102DB0007C1E3E3C1E3C1F7C1F7C1F7C1F7C1F3CDE
:102DC0003F3EFF1FEF071F001E001E003E003C009D
:102DD000F838F03FE01F0000000000000000000095
:102DE000000000000000000000000000E003E0031D
:102DF000E003E0030000000000000000000000000D
:102E00000000E003E003E003E00300000000000036
:102E100000000000000000000000000000000000B2
:102E2000E003E003E003E003000000000000000016
:102E3000000000000000E003E003E003E003E00125
:102E4000E001E001C003800300000000000000007A
:102E50000000000003000F003F00FC00F003C00F63
:102E6000003F00FE003FC00FF003FC003F000F00DA
:102E7000030000000000000000000000000000004F
:102E80000000000000000000000000000000000042
:102E9000FFFFFFFF000000000000FFFFFFFF00003A
:102EA0000000000000000000000000000000000022
:102EB00000000000000000000000000000E000F83A
:102EC000007E801FE007F8017E001F007E00F801F1
:102ED000E007801F007E00F800E000000000000016
:102EE00000000000F01FFC3F3E381F381F381E0056
:102EF0001E003C007800F000E001C003C003C007E2
:102F0000C007000000000000C007C007C0070000A5
:102F10000000000000000000F803FE0F1E1F0F3E1F
:102F20007F3CFF78EF79C773C7F38FF38FF38FF38D
:102F30009FF39FF3FF73FF7BF779003C1C1FFC0F8F
:102F4000F803000000000000000000000000000086
:102F50000000E003E003F007F007F007780F780FB8
:102F60007C0E3C1E3C1E3E3CFE3FFF3F1F780F7810
:102F70000FF007F007F00000000000000000000064
:102F8000000000000000F83FFC3F3E3C1E3C1E3CA1
:102F90001E3C3E3C7C3CF03FF83F7E3C1F3C1F3CCF
:102FA0000F3C0F3C1F3CFE3FF83F000000000000BC
:102FB00000000000000000000000FF01FF07871F65
:102FC000003E003C007C00780078007800780078B3
:102FD000007C007C003E003F831FFF07FF010000D4
:102FE0000000000000000000000000000000F07F72
:102FF000FC7F7E781F781F780F780F780F780F7816
:103000000F780F780F780F781F781E787E78F87F0A
:10301000E07F000000000000000000000000000051
:103020000000FF3FFF3F003E003E003E003E003EEE
:10303000003EFE3FFE3F003E003E003E003E003EA2
:10304000003EFF3FFF3F00000000000000000000C6
:10305000000000000000FF1FFF1F001E001E001EDA
:10306000001E001E001EFF1FFF1F001E001E001E70
:10307000001E001E001E001E001E000000000000BA
:1030800000000000000000000000FE03FF0F871F8B
:10309000003E007C007C007800F800F87FF87FF8A4
:1030A0000F780F7C0F7C0F3E8F1FFF0FFE03000079
:1030B00000000000000000000000000000001F7C75
:1030C0001F7C1F7C1F7C1F7C1F7C1F7C1F7CFF7F45
:1030D000FF7F1F7C1F7C1F7C1F7C1F7C1F7C1F7C35
:1030E0001F7C000000000000000000000000000045
:1030F0000000FF3FFF3FE003E003E003E003E003E5
:10310000E003E003E003E003E003E003E003E003A7
:10311000E003FF3FFF3F0000000000000000000050
:10312000000000000000FC1FFC1F7C007C007C00F5
:103130007C007C007C007C007C007C007C007C00AF
:1031400078007800F838F03FC03F00000000000031
:10315000000000000000000000001F3C1E3C3C3C42
:10316000783CF03CE03DE03FC03F803FC03FE03F67
:10317000F03DF03C783C7C3C3E3C1F3C0F3C00006A
:103180000000000000000000000000000000003E01
:10319000003E003E003E003E003E003E003E003E3F
:1031A000003E003E003E003E003E003E003EFF3F2F
:1031B000FF3F0000000000000000000000000000D1
:1031C00000001FF81FFC1FFC3FFE3FFE3FFE7FFF7D
:1031D00077FF77FFF7F7E7F7E7F3E7F3C7F307F0D2
:1031E00007F007F007F000000000000000000000FA
:1031F0000000000000000F7C0F7C0F7E0F7F0F7F10
:103200008F7F8F7FCF7FEF7BEF79FF79FF78FF781C
:103210007F783F783F781F781F780000000000001B
:1032200000000000000000000000F007FC1F3E3E10
:103230001F7C0F780F780FF80FF80FF80FF80FF8C2
:103240000FF80F780F781F7C3E3EFC1FF007000040
:103250000000000000000000000000000000FC3F33
:10326000FF3F1F3E0F3E0F3E0F3E0F3E1F3E3F3EB5
:10327000FC3FF03F003E003E003E003E003E003E70
:10328000003E000000000000000000000000000000
:103290000000F007FC1F3E3E1F7C0F780F780FF8F0
:1032A0000FF80FF80FF80FF80FF80F780F781F7C52
:1032B0003E3EFC1FF8077C003F000F0003000000AB
:1032C000000000000000F03FFC3F7E3C3E3C1E3C06
:1032D0001E3C3E3C3C3CFC3CF03FE03FF03DF83CBB
:1032E0007C3C3E3C1E3C1F3C0F3C000000000000AC
:1032F00000000000000000000000FC07FE1F0E3E62
:10330000003C003C003C003EC01FF80FFE037F0065
:103310001F000F000F001F203E3CFC3FF01F00006D
:103320000000000000000000000000000000FFFF9F
:10333000FFFFE003E003E003E003E003E003E0035A
:10334000E003E003E003E003E003E003E003E00365
:10335000E00300000000000000000000000000008A
:1033600000000F7C0F7C0F7C0F7C0F7C0F7C0F7C90
:103370000F7C0F7C0F7C0F7C0F7C0F7C1E3C1E3C57
:103380003E3EFC1FF00700000000000000000000AF
:1033900000000000000007F007F007F80F780F7C2E
:1033A0001E3C1E3C1E3E3C1E3C1F781F780FF80F33
:1033B000F007F007F007E003E00300000000000062
:1033C0000000000000000000000003E003F003F034
:1033D00007F0E7F3E7F3E7F3E773F77BF77FFF7FA8
:1033E0007F7F7F7F7E7F7E3F3E3E3E3E3E3E0000B3
:1033F000000000000000000000000000000007F8CE
:103400000F7C1E3E3E3E3C1FF80FF007E007E00336
:10341000E003F007F80F7C0F7C1E3E3C1F780F780E
:103420000FF000000000000000000000000000009D
:10343000000007F807780F7C1E3C1E3E3C1F780FEB
:10344000F80FF007E003E003E003E003E003E0032C
:10345000E003E003E00300000000000000000000C3
:10346000000000000000FF7FFF7F0F001F003E00F4
:103470007C00F800F000E001E003C007800F000FBF
:10348000001E003E007CFF7FFF7F00000000000068
:1034900000000000FF078007800780078007800783
:1034A00080078007800780078007800780078007E4
:1034B00080078007800780078007800780078007D4
:1034C0008007FF07FF07000000780078003C003C01
:1034D000001E001E000F000F80078007C003C003FE
:1034E000E001E001F000F000780078003C003C00D2
:1034F0001E001E000F000F0007000000F07FF0000C
:10350000F000F000F000F000F000F000F000F0003B
:10351000F000F000F000F000F000F000F000F0002B
:10352000F000F000F000F000F000F07FF07F00000D
:10353000C000C001C001E003E003F007F007780716
:10354000780F380F3C1E3C1E1E3C1E3C0F380F7877
:1035500007780000000000000000000000000000EC
:10356000000000000000000000000000000000005B
:10357000000000000000000000000000000000004B
:103580000000000000000000000000000000FFFF3D
:10359000FFFF000000000000F0000000000000003D
:1035A000000000000000000000000000000000001B
:1035B000000000000000000000000000000000000B
:1035C00000000000000000000000000000000000FB
:1035D0000000000000000000F80FFC3F7C3C3E00B3
:1035E0003E003E00FE07FE1F3E3E3E7C3E783E7C97
:1035F0007E7CFF3FCF1F00000000000000000000A5
:10360000003C003C003C003C003C003CF83DFE3FE0
:103610003E3F1F3E0F3C0F3C0F3C0F3C0F3C0F3C0E
:103620001F3C1E3C3E3FFC3FF03B00000000000002
:10363000000000000000000000000000000000008A
:10364000FE03FF0F871F003E003E003C007C007C15
:10365000007C003C003E003E871FFF0FFE03000081
:1036600000000000000000001F001F001F001F00DE
:103670001F001F00FF07FF1F3F3E1F3C1F7C1F7CDA
:103680001F7C1F781F781F7C1F7C3F3C7F3EFF1FE5
:10369000DF0F00000000000000000000000000003C
:1036A0000000000000000000F803FC0F3E1F1E3E5B
:1036B0001F3C1F7CFF7FFF7F007C007C003C003EA6
:1036C000071FFF0FFE0300000000000000000000C5
:1036D000FF01E103C003C007C007C007FF7FFF7FF2
:1036E000C007C007C007C007C007C007C007C007A2
:1036F000C007C007C007C007C007000000000000E7
:1037000000000000000000000000000000000000B9
:10371000EF07FF1F7F3E1F3C1F7C1F7C1F781F7819
:103720001F781F7C1F7C3F3C7F3EFF1FDF0F1E006A
:103730001E001E007C38F83F003C003C003C003C72
:10374000003C003CFC3DFE3F9E3F1F3F1F3E1F3C98
:103750001F3C1F3C1F3C1F3C1F3C1F3C1F3C1F3C91
:103760001F3C00000000000000000000F001F0011C
:103770000000000000000000E07FE07FE001E001C9
:10378000E001E001E001E001E001E001E001E00131
:10379000E001E001E0010000000000000000000086
:1037A000F800F8000000000000000000F83FF83FBB
:1037B000F800F800F800F800F800F800F800F80049
:1037C000F800F800F800F800F800F800F800F00041
:1037D000F071E07F003C003C003C003C003C003CC1
:1037E0001F3C3E3C7C3CF83CF03DE03DC03FC03FD0
:1037F000E03FF03DF83C7C3C3E3C1F3C1F3C000061
:103800000000000000000000F07FF001F001F00176
:10381000F001F001F001F001F001F001F001F00120
:10382000F001F001F001F001F001F001F001F00110
:10383000F001000000000000000000000000000097
:1038400000000000000000009EF7FFFFFFFFFFFFE9
:10385000E7FBE7F9C7F1C7F1C7F1C7F1C7F1C7F156
:10386000C7F1C7F1C7F10000000000000000000030
:10387000000000000000000000000000FC3DFE3FD2
:103880009E3F1F3F1F3E1F3C1F3C1F3C1F3C1F3CD9
:103890001F3C1F3C1F3C1F3C1F3C00000000000061
:1038A0000000000000000000000000000000000018
:1038B000F007FC1F3E3E1F3C1F7C0F780F780F78EF
:1038C0000F780F781F7C1F3C3E3EFC1FF007000066
:1038D00000000000000000000000000000000000E8
:1038E00000000000F83DFE3F3E3F1F3E0F3C0F3CF6
:1038F0000F3C0F3C0F3C0F3C1F3C1E3E3E3FFC3F2D
:10390000F83F003C003C003C003C003C0000000054
:103910000000000000000000EE07FE1F7E3E1E3C7F
:103920001E7C1E781E781E781E781E781E7C3E7CBB
:103930007E3EFE1FDE0F1E001E001E001E001E002B
:103940000000000000000000000000007F1FFF1FBB
:10395000E71FC71F871F001F001F001F001F001F3A
:10396000001F001F001F001F001F000000000000BC
:103970000000000000000000000000000000000047
:10398000FC07FE1F0E1E003E003E003FE01FFC072E
:10399000FE003E001E001E003E3CFC3FF01F0000EB
:1039A0000000000000000000000000000000800790
:1039B00080078007FF7FFF7F8007800780078007E1
:1039C000800780078007800780078007C007FF0304
:1039D000FF010000000000000000000000000000E7
:1039E00000000000000000001E3C1E3C1E3C1E3C6F
:1039F0001E3C1E3C1E3C1E3C1E3C1E3C3E3C7E3C77
:103A0000FE3EFE1FDE0F0000000000000000000070
:103A100000000000000000000000000007F00F7828
:103A20000F781E3C1E3C1E3E3C1E3C1E780F780F3D
:103A3000F00FF007F007E003E003000000000000D3
:103A40000000000000000000000000000000000076
:103A500003F0E3F1E3F3E7F3F7F3F7F3F77F777FAF
:103A60007F7F7F7F7F7F3E3E3E3E3E3E3E3E00006C
:103A70000000000000000000000000000000000046
:103A8000000000000F7C1E3E3C3E3C1FF80FF0077C
:103A9000F007E003F007F807F80F7C1E3E3E1F3CDE
:103AA0001F7800000000000000000000000000007F
:103AB000000000000000000007F80F780F7C1E3C9B
:103AC0001E3C3C1E3C1E3C1F780FF80FF007F00711
:103AD000E003E003C003C003C0038007800F007F42
:103AE000000000000000000000000000FF3FFF3F5A
:103AF0001F003E007C00F800F001E003C007800FCB
:103B0000001F001E003CFF7FFF7F00000000000040
:103B100000000000FE01E003C003C003C003C003B7
:103B2000E001E001E001C001C003803F803FC0032D
:103B3000C001E001E001E001C003C003C003C00315
:103B4000E003FE017E000000C001C001C001C00111
:103B5000C001C001C001C001C001C001C001C0015D
:103B6000C001C001C001C001C001C001C001C0014D
:103B7000C001C001C001C001C0010000C03FE0039E
:103B8000E001E001E001E001C001C003C003C001A9
:103B9000E001FE00FE00E001C001C003C003C0015F
:103BA000E001E001E001E001E003C03F003F000070
:103BB0000000000000000000000000000000000005
:103BC000000000000000073FC77FE773FFF17EF0B1
:103BD00000000000000000000000000000000000E5
:103BE000000000005E9F5E9F5E9F5E9F5E9F5E9FE7
:103BF0005E9F5E9F5E9F5E9F5E9F5E9F5E9F5E9FDD
:103C00005E9F5E9F5E9F5E9F5E9F5E9F5E9F5E9FCC
:103C10005E9F5E9F5E9F5E9F5E9F5E9F5E9F5E9FBC
:103C20005E9F5E9F5E9F5E9F5E9F5E9F5E9F5E9FAC
:103C30005E9F5E9F5E9F5E9F5E9F5E9F5E9F5E9F9C
:103C40005E9F5E9F5E9F5E9F5E9F5E9F5E9F5E9F8C
:103C50005E9F5E9F5E9F5E9F5E9F5E9F5E9F5E9F7C
:103C60005E9F5E9F5E9F5E9F5E9F5E9F5E9F5E9F6C
:103C70005E9F5E9F5E9F5E9F5E9F5E9F5E9F5E9F5C
:103C80005E9F5E9F5E9F5E9F5E9F5E9F5E9F5E9F4C
:103C90005E9F5E9F5E9F5E9F5E9F5E9F5E9F5E9F3C
:103CA0005E9F5E9F5E9F5E9F5E9F5E9F5E9F5E9F2C
:103CB0005E9F5E9F5E9F5E9F5E9F5E9F5E9F5E9F1C
:103CC0005E9F5E9F5E9F5E9F5E9F5E9F5E9F5E9F0C
:103CD0005E9F5E9F5E9F5E9F5E9F5E9F5E9F5E9FFC
:103CE0005E9F5E9F5E9F3E9F3E9F3E9F3E9F3E9F8C
:103CF0003E9F5E9F5E9F5E9F5E9F5E9F5E9F5E9FFC
:103D00005E9F5E9F5E9F5E9F5E9F5E9F5E9F5E9FCB
:103D10005E9F5E9F5E9F5E9F5E9F5E9F5E9F3E9FDB
:103D20005C86B8641764176CF74AF742585C5C8687
:103D30003E9F5E9F3E975C76BD865E9F5E9F5E9FC8
:103D40005E9F5E9F5E9F5E9F5E9F5E9F5E9F5E9F8B
:103D50005E9F5E9F5E9FFD963B8EB77C1A7C3D63A7
:103D60001D423E425E6B3F847E4A992958433C8601
:103D7000DD965ED7DDAEBD8E3E975E9F5E9F5E9FF9
:103D80005E9F5E9F5E9F5E9F5E9F5E9F5E9F5E9F4B
:103D90001B861885BCD6BFF7FFFFFFFF7FEFBFD69E
:103DA0001FA51F421F427F8C3C5B5B75BDAE5DE76C
:103DB0007DE71DC7DD8E3E9F5E9F5E9F5E9F5E9F7F
:103DC0005E9F5E9F5E9F5E9F5E9F7C8E188D7EEFE6
:103DD000FFFFFFFFFFFFFFFFFFFFFFFFDFFFFFDE34
:103DE000FF5A5F21DD957E965F45DDBE5DE75DE7AD
:103DF000FDB6BD865E9F5E9F5E9F5E9F5E9F5E9FDF
:103E00005E9F5E9FDD96F77C5EE7FFFFFFFFFFFF93
:103E1000FFFFFFFFFFFFFFFFFFFFFFFF9FE75D7D4E
:103E2000DE6D7D9EFE759E5DFDC65DE77EEFDDAEBF
:103E3000FE8E5E9F5E9F5E9F5E9F5E9F5E9F1E9753
:103E400076641DCFFFF7FFFFFFFFFFFFFFFFFFFFC0
:103E5000FFFFFFFFFFFF5ED7FDB6BDAEDE6D3F3556
:103E60003D8EBE5DBE653DD77EEF7EDF9D8E1E978B
:103E70005E9F5E9F5E9F5E9F5E9FB97D1AA6DFDF9D
:103E8000FFF7FFFFFFFFFFFFFFFFFFFFFFFFFFFF4A
:103E90007EDFDDB6BCAE9CA69CA6BE5D7F4D7D9E42
:103EA000DF653ECFBD9EBD861E973E9F5E9F5E9F97
:103EB0005E9F5E9F3E9F18757ECFDFD7DFE7FFFFD7
:103EC000FFFFFFFFFFFFFFFFDBDE928C11641A9EF6
:103ED0009CA69CA6BCAEBDA61E7EFEB61EC7DB95EC
:103EE0009D8E3E9F5E9F5E9F5E9F5E9F5E9F5E9FDC
:103EF000FD96798D9FD7DFD7DFDFDFE7FFFFFFFF7D
:103F0000FFFFBFF7D0737795D47C526C9CAEBDAEEB
:103F10003BA61EC77EDFBFEFFFFF9EF79A9D1E9751
:103F20005E9F5E9F5E9F5E9F5E9F5E9F9C8EDA9D02
:103F3000BFD7DFD7DFDFDFDFDFDFDFE7DFE7DDAEE4
:103F40006E5B779594741264DB6CF821B8A4DFF78C
:103F5000FFFFFFFFFFFF38A5B473997D3E9F5E9F73
:103F60005E9F5E9F5E9F5E9F7C8EFA9DBFD7FEBE6A
:103F7000BA74583B373BDA74BB7D9CAE598DEE2149
:103F8000B1089B001D001A10B3BB5DFFFFFFFFFFD0
:103F9000FFFF3584537352631D9F5E9F5E9F5E9F3C
:103FA0005E9F5E9FBD8EB9953ECF7933DE035F0481
:103FB0001F041D04FC1B38433A195E001F001F003C
:103FC0001F001D08AA9849FA6DFBCFFB10FC2DE3DA
:103FD00048CAE3C3CBC5999E3E9F5E9F5E9F5E9F8E
:103FE0003E9F187D198D5C037F04FF049F04BF046E
:103FF000FF045E0CF8111D001F001F001F001F00B2
:10400000514063D041F061F841F881E800E460FE7E
:1040100060FEC3DD70AD3E9F5E9F5E9F5E9F5975E3
:10402000F34A3D04BF04BF04FF049F04BF04FF0420
:10403000DF0CF91ABB081F001F001F001E005040B4
:1040400086A883C883D0C1D2E0F580FE80FE80FEC2
:1040500060F64BB51C9F5E9F5E9FFD96F23A3A0359
:104060001F05FF04BF041F05DF04DF041F05FF0455
:104070009B235C001F001F001F001E0039185040CA
:104080006D5880D4A0EDE0F560FE80FE80FE21EE4C
:1040900034AE3E9F3E9F3E9F166D50015E043F052D
:1040A0001F051F051F051F051F051F057D0CDB08CC
:1040B0001F001F001F001F001F001E001D0002C464
:1040C000A0F5A0F5C0F5E0F500F600F60AB51D9FD5
:1040D000F97DAC3A904B765C340ADC037D045C04D9
:1040E0005C043C043C043C04F9025C001F001F001B
:1040F0001F001F001E001D001A00CD5941CC20CC0E
:1041000000CC22C427AC119D179E3E9FFD969B8E2E
:104110005B866F4B555CD432F500B600B600960056
:104120009600760037001A001C001C001C001B00C3
:104130001900180017005421D094AFB5D1AD56A680
:10414000FC9E3E9F5E9F5E9F5E9FD97D471957757F
:104150003E97FD965A6DB4213500170018001800DF
:1041600018001800180018001800180036009421D4
:10417000575CBD8E1E9F3E9F3E9F5E9F5E9F5E9FD3
:104180005E9F5E9F5E9FDD96D87D3E9F5E9F5E9F99
:104190003E9F1E971B7E785CF63A152AB521952125
:1041A000B521152A1643785CFB7D1E973E9F5E9FC6
:1041B0005E9F5E9F5E9F5E9F5E9F5E9F5E9F5E9F17
:1041C0005E9F5E9F5E9F5E9F5E9F5E9F5E9F5E9F07
:1041D0005E9F5E9F5E9F3E9FFE96FD96FD963E9F74
:1041E0005E9F5E9F5E9F5E9F5E9F5E9F5E9F5E9FE7
:1041F0005E9F5E9F5E9F5E9F5E9F5E9F5E9F5E9FD7
:104200005E9F5E9F5E9F5E9F5E9F5E9F5E9F5E9FC6
:104210005E9F5E9F5E9F5E9F5E9F5E9F5E9F5E9FB6
:104220005E9F5E9F5E9F5E9F5E9F5E9F5E9F5E9FA6
:104230005E9F5E9F5E9F5E9F5E9F5E9F5E9F5E9F96
:104240005E9F5E9F5E9F5E9F5E9F5E9F5E9F5E9F86
:104250005E9F5E9F5E9F5E9F5E9F5E9F5E9F5E9F76
:104260005E9F5E9F5E9F5E9F5E9F5E9F5E9F5E9F66
:104270005E9F5E9F5E9F5E9F5E9F5E9F5E9F5E9F56
:104280005E9F5E9F5E9F5E9F5E9F5E9F5E9F5E9F46
:104290005E9F5E9F5E9F5E9F5E9F5E9F5E9F5E9F36
:1042A0005E9F5E9F5E9F5E9F5E9F5E9F5E9F5E9F26
:1042B0005E9F5E9F5E9F5E9F5E9F5E9F5E9F5E9F16
:1042C0005E9F5E9F5E9F5E9F5E9F5E9F5E9F5E9F06
:1042D0005E9F5E9F5E9F5E9F5E9F5E9F5E9F5E9FF6
:1042E0005E9F5E9F5E9F5E9F5E9F5E9F5E9F5E9FE6
:1042F0005E9F5E9F5E9F5E9F5E9F5E9F5E9F5E9FD6
:104300005E9F5E9F5E9F5E9F5E9F5E9F5E9F5E9FC5
:104310005E9F5E9F5E9F5E9F5E9F5E9F5E9F5E9FB5
:104320005E9F5E9F5E9F5E9F5E9F5E9F5E9F5E9FA5
:104330005E9F5E9F5E9F5E9F5E9F5E9F5E9F5E9F95
:104340005E9F5E9F5E9F5E9F5E9F5E9F5E9F5E9F85
:104350005E9F5E9F5E9F5E9F5E9F5E9F5E9F5E9F75
:104360005E9F5E9F5E9F5E9F5E9F5E9F5E9F5E9F65
:104370005E9F5E9F5E9F5E9F5E9F5E9F5E9F5E9F55
:104380005E9F5E9F5E9F5E9F5E9F5E9F5E9F5E9F45
:104390005E9F5E9F5E9F5E9F5E9F5E9F5E9F5E9F35
:1043A0005E9F5E9F5E9F5E9F5E9F5E9F5E9F5E9F25
:1043B0005E9F5E9F5E9F5E9F5E9F5E9F5E9F5E9F15
:1043C0005E9F5E9F5E9F5E9F5E9F5E9F5E9F5E9F05
:1043D0005E9F5E9F5E9F5E9F5E9F5E9F5E9F5E9FF5
:1043E0005E9F5E9F5E9F5E9F5E9F5E9F5E9F5E9FE5
:1043F0005E9F3E9F5E9F5E9F5E9F5E9F5E9F5E9FF5
:104400005E9F5E9F5E9F5E9F5E9F5E9F5E9F5E9FC4
:104410005E9F5E9F5E9F5E9F5E9F5E9F5E9F5E9FB4
:104420005E9F5E9F5E9F3E9F7C8ED864F75BD663E7
:10443000B642F742785C7C8E3E9F5E9F3E975C76EC
:10444000BD865E9F5E9F5E9F5E9F5E9F5E9F5E9F3E
:104450005E9F5E9F5E9F5E9F5E9F5E9F5E9FFE96DD
:104460003B8EB77CF97B1C633D423E425E6B1F84F2
:104470007E4A9929584B3C86DD963ED7DDB6DD8EC7
:104480003E975E9F5E9F5E9F5E9F5E9F5E9F5E9F6C
:104490005E9F5E9F5E9F5E9F3B861885DCD6BFF762
:1044A000FFFFFFFF7FEFBFD6FF9CFE39FF397F8CF8
:1044B0003C5B1B6DBDAE5DDF5DE71DC7DD8E3E9FC6
:1044C0005E9F5E9F5E9F5E9F5E9F5E9F5E9F5E9F04
:1044D0005E9F7C8E178D7EEFFFFFFFFFFFFFFFFFCC
:1044E000FFFFFFFFDFFF1FE7BF525F21BD955E9615
:1044F0005F45BDBE5DE75DE7FDBEDD8E5E9F5E9FF5
:104500005E9F5E9F5E9F5E9F5E9F5E9FDD96187DB5
:104510007EE7FFFFFFFFFFFFFFFFFFFFFFFFFFFF44
:10452000FFFFFFFF9FEF9D85DE6D5D96FE759E5D33
:10453000FDC65DE77EE7DDB6FD8E5E9F5E9F5E9FFA
:104540005E9F5E9F5E9F3E9F976C1DC7FFF7FFFFBC
:10455000FFFFFFFFFFFFFFFFFFFFFFFFFFFF5ED734
:10456000FDB69DA6DE6D3F3D3D8EBE5D9E651DD7B1
:104570007EEF7EE79D8E1E975E9F5E9F5E9F5E9F95
:104580005E9F9975BA9DDFDFFFF7FFFFFFFFFFFF1B
:10459000FFFFFFFFFFFFFFFF7EDFDDB6BCAE9CA687
:1045A0009CA6BE5D5F4D7D9EDF653ECFBD9EBD8EF0
:1045B0001E973E9F5E9F5E9F5E9F5E9F3E9FD7744D
:1045C0007ECFDFD7DFE7FFFFFFFFFFFFFFFFFFFF2C
:1045D000DBDE718CF1631A9E9CA69CA6BCAE9CA6E9
:1045E0001E7EFEB61EC7DA959C8E3E9F5E9F5E9F26
:1045F0005E9F5E9F5E9F5E9FFD96B98D9FD7DFD7C2
:10460000DFDFDFE7FFFFFFFFFFFFBFEFAF6B568D81
:10461000B47C73749CAEBDB63BA61EC79EDFBFEFD5
:10462000FFFF9EF79A9DFE965E9F5E9F5E9F5E9F38
:104630005E9F5E9FBD8E1A9EBFD7DFD7DFD7DFD7C5
:10464000DFDFDFE7DFE7BDA60D53779594743364B2
:104650009B64182A98A4DFFFFFFFFFFFFFFF79ADDF
:10466000B473BA7D5E9F5E9F5E9F5E9F5E9F5E9FFE
:10467000BC8E1B9EBFD7DFD7DFD7DFD7DFD77FC783
:104680003C7E7CAE19856D1970009A001D001908DA
:1046900092BB7DFFFFFFFFFFFFFF36841263726B4B
:1046A0001D9F5E9F5E9F5E9F5E9F5E9FDD96FA955B
:1046B000BFD7DFD7DFD7DFD79FCF7C651A1ADA29BC
:1046C000FA103D001F001F001F001D08AA9849FA9C
:1046D0008EFB10FC30FC4EE369CAE3C3CBC5BA9E27
:1046E0003E9F5E9F5E9F5E9F3E9758859FCFDFD720
:1046F000DFD7DFD73D8E9911190019001D001F006B
:104700001F001F001F001F00514063D041F061F8DF
:1047100041F881E800E460FE60FEC3DD90AD3E9F9D
:104720005E9F5E9F5E9F186D1BA6DFD79FCF7D9615
:104730007A1A3900190019001D001E001F001F0001
:104740001F001F001D00504086A883C883D0C1CA27
:10475000E0F580FE80FE80FE60FE6CBDFC9E5E9FEC
:104760005E9F1E97B4533C9E5C65F9195700760016
:104770003711D8115A1A9A1AB9193D001F001F0093
:104780001F001F00381851488D6080D4A0EDE0F55F
:1047900060FE80FE80FE01EE33AE3E9F5E9F1D9761
:1047A000166DF11957113509990A1D145E0C7F0415
:1047B000DF04FF049E0C79091F001F001F001F006B
:1047C0001F001E003C0822C4A0ED80EDA0EDC0F546
:1047D00000F6E0F54BB51D9FD87D6B32904B3754FA
:1047E0009902FF03DF04FF04FF04FF041F051F05F8
:1047F000DE04B9011F001F001F001F001E001D0066
:104800001A00CC5921CC00C4E0C302C426B4319DA7
:10481000599E3E9FFD969B8E7C8E391B1F045F0424
:104820009F049F04BF04DF041F051F0519037800C0
:104830001C001C001C001B0019001800170054214C
:10484000B0948FADD1AD57A6FC9E5E9F5E9F5E9FDC
:104850005E9FD97D4A199D03DF04FF04FF041F05F5
:10486000FF041F051F05BA03750018001800180083
:104870001800180036009421785C9D8E1E9F3E9F84
:104880003E9F5E9F5E9F5E9F5E9F5E9F5E9FFD96CA
:10489000D44B9D035F049F049F04BF041F05FF04C6
:1048A0001B0C3322B52195219521F421F63A785C31
:1048B0001B861E975E9F5E9F5E9F5E9F5E9F5E9FB4
:1048C0005E9F5E9F5E9F5E9F5E9F5E9FDD96181B54
:1048D0009F041F051F051F051F055B0C7A6D1E97A2
:1048E000FE96DD96FD963E975E9F5E9F5E9F5E9F65
:1048F0005E9F5E9F5E9F5E9F5E9F5E9F5E9F5E9FD0
:104900005E9F5E9F5E9F5E9F3E9F5A6DB70A1E042C
:104910005F045F049B03D95C3E975E9F5E9F5E9F32
:104920005E9F5E9F5E9F5E9F5E9F5E9F5E9F5E9F9F
:104930005E9F5E9F5E9F5E9F5E9F5E9F5E9F5E9F8F
:104940005E9F5E9F5E9F1E97186DF33AB42AF43205
:10495000B8643E9F5E9F5E9F5E9F5E9F5E9F5E9F70
:104960005E9F5E9F5E9F5E9F5E9F5E9F5E9F5E9F5F
:104970005E9F5E9F5E9F5E9F5E9F5E9F5E9F5E9F4F
:104980005E9F5E9F5E9F5E9F3E9F3E9F5E9F5E9F7F
:104990005E9F5E9F5E9F5E9F5E9F5E9F5E9F5E9F2F
:1049A0005E9F5E9F5E9F5E9F5E9F5E9F5E9F5E9F1F
:1049B0005E9F5E9F5E9F5E9F5E9F5E9F5E9F5E9F0F
:1049C0005E9F5E9F5E9F5E9F5E9F5E9F5E9F5E9FFF
:1049D0005E9F5E9F5E9F5E9F5E9F5E9F5E9F5E9FEF
:1049E0005E9F5E9F5E9F5E9F5E9F5E9F5E9F5E9FDF
:1049F0005E9F5E9F000000000000000001020304B3
:104A00000607080902030405060708090A0B0C0D2E
:104A10000E0F10100102030405060708090A0B0C0B
:104A20000D0E0F105245454E54206D616C6C6F6336
:104A300020737563636565646564002F6275696CD6
:104A4000642F676E752D746F6F6C732D666F722D8A
:104A500073746D33325F31332E332E72656C312EA9
:104A600032303234303932362D313731352F73729E
:104A7000632F6E65776C69622F6E65776C69622F44
:104A80006C6962632F7374646C69622F72616E6407
:104A90002E63002C2066756E6374696F6E3A200079
:104AA000617373657274696F6E20222573222066AC
:104AB00061696C65643A2066696C65202225732201
:104AC0002C206C696E65202564257325730A0023EC
:104AD0002D302B2000686C4C00656667454647000A
:104AE0003031323334353637383941424344454624
:104AF00000303132333435363738396162636465BA
:104B0000660000000000000059F3F8C21F6EA50106
:084B1000000000000000F03F6E
:084B1800B8B6FE7F01000000A9
:044B2000B5010008D3
:044B240091010008F3
:104B2800101A000098280108FFFFFFFF010000008D
:104B380000127A00100000000100000000000000D0
:104B480003000000CC0100202C0000200000000021
:104B5800CC010020340200209C020020000000004C
:104B6800000000000000000000000000000000003D
:104B7800000000000000000000000000000000002D
:104B8800000000000000000000000000000000001D
:084B9800000000000000000015
:0400000508002F11AF
:00000001FF
